,node_id,node_coeff,node_name
0,KovZpZAEAl6A,0.17004548595935262,The Wiltern
1,KovZ917A58V,0.16849253534459188,The Bronze Peacock at House of Blues Houston
2,KovZpZAdakJA,0.16693989836245565,Lenovo Center
3,KovZpZAEAltA,0.16610807774415473,House of Blues San Diego
4,KovZ917Ahkk,0.1653681689158635,Climate Pledge Arena
5,KovZpZAEktdA,0.16498169362815857,The Foundry
6,KovZpZA11JtA,0.16488832050536867,Paradise Rock Club presented by Citizens
7,KovZpaFPje,0.16462294950241865,Irving Plaza Powered By Verizon 5G
8,KovZpZA1lJ7A,0.16452889361006087,Vinyl
9,KovZpZAE6eeA,0.16451646857038707,The Fillmore
10,KovZpZAJAkAA,0.16436923511910767,Mercury Lounge
11,KovZpZAJeFkA,0.1640214182842297,Marquis
12,rZ7HnEZ17aJq7,0.16399410987641663,Thalia Hall
13,KovZ917A3Y7,0.16392493141709455,The Anthem
14,KovZpZAIvlIA,0.16237584624901535,The Cambridge Room at House Of Blues
15,KovZpZAE6eJA,0.1618959758813571,Fillmore Auditorium (Denver)
16,rZ7HnEZadyf,0.16166533039240086,3rd and Lindsley
17,KovZ917Ax7n,0.16142058014192628,Allegiant Stadium
18,KovZ917AJ5H,0.16111905946510313,The Moroccan Lounge
19,KovZ917AiGZ,0.16094414679353142,White Oak Music Hall - Downstairs
20,KovZ917AOzm,0.16093950035444582,The Masquerade - Purgatory
21,KovZpa2M7e,0.16029831710205822,United Center
22,KovZpZAJedlA,0.15954004314183898,Atlanta Symphony Hall
23,KovZ917AOr1,0.1594981163571603,Brown County Music Center
24,KovZpZAFaJeA,0.15938418914040525,Ball Arena
25,KovZ917AiI3,0.15897914875244956,The Bellwether
26,rZ7HnEZ178O8g,0.1589439093453362,Music Box
27,KovZpZAJAllA,0.15875876555169244,Buckhead Theatre
28,KovZpZAJJ7FA,0.15872418367772312,Arena Theatre
29,KovZpZA7knFA,0.15825854592383937,9:30 CLUB
30,KovZpZAEAkEA,0.15824907311963274,Saint Andrew's Hall
31,KovZpZAEAIlA,0.157739261481669,House of Blues Chicago
32,KovZpZAE6k1A,0.15769808602862115,House of Blues Houston
33,KovZpZAEAF7A,0.1576777459738795,House of Blues Dallas 
34,KovZpZAJ6daA,0.1573873408501779,The Regent Theater
35,KovZpZA7dkJA,0.15732253759364934,Bowery Ballroom
36,KovZpa6OCe,0.15725258753991894,Echoplex
37,KovZpZAEkteA,0.1571842127890138,The Fillmore Philadelphia
38,KovZpZAJIedA,0.15713739352949524,The Ritz
39,KovZpZA7AAEA,0.1570870701657393,Madison Square Garden
40,KovZpZA1tn1A,0.1566877243649339,The Loft
41,KovZpaFEZe,0.15664447938016707,Tabernacle
42,KovZpZAEvnFA,0.15639660114669596,Teragram Ballroom
43,rZ7HnEZ17397g,0.1561395156973518,Madame Lou's
44,KovZpZAaJeaA,0.1560689590661427,The Bluestone
45,KovZ917ARdB,0.15535895851510342,Outset
46,KovZpZAJvttA,0.1550561439862565,The Belasco
47,KovZpZAEAktA,0.15492182719615427,The Fillmore Detroit
48,KovZ917AEtU,0.15483943442577228,Brooklyn Bowl Philadelphia
49,KovZpZAIeldA,0.15482085565951806,Brooklyn Bowl Las Vegas
50,KovZpZA6taAA,0.15477677187121805,Bridgestone Arena
51,KovZpapwne,0.1547680491048216,Brighton Music Hall presented by Citizens
52,KovZ917AmQG,0.15470586504457645,The Masquerade  - Altar
53,KovZpZA1vFJA,0.15444910400439746,Moore Theatre
54,KovZ917AI8j,0.1543689070938938,Voodoo Room at the House of Blues San Diego
55,KovZpa2Xke,0.15422008418683428,State Farm Arena
56,KovZpZAEAdaA,0.15365135825814247,Gramercy Theatre
57,KovZ917A2k0,0.1535026613067362,The Peppermint Club
58,KovZpZAEAkvA,0.1533605902434767,Old National Centre
59,KovZ917AiMF,0.1532746982950606,Wells Fargo Center
60,KovZ917AI5F,0.15295874295403486,The Salt Shed Indoors (Shed)
61,KovZpZA7klAA,0.15294666197761175,House of Blues Las Vegas 
62,rZ7HnEZadXm,0.15292421546379711,The Independent
63,KovZ917A25V,0.1527334715953085,Little Caesars Arena
64,KovZpZA77JtA,0.15267746010533373,The Shelter
65,rZ7HnEZ1789Gg,0.15266099207779563,The Basement East
66,KovZ917Ahxb,0.15265260924797858,The Met Presented by Highmark
67,KovZ917A5L7,0.1526316691702027,Dolby Live
68,KovZpZAFF1nA,0.1521975466973323,Martin Marietta Center for the Performing Arts
69,KovZpZA6AJ6A,0.15200150617002395,The Chicago Theatre
70,KovZpaKuJe,0.15110256032831862,Capital One Arena
71,rZ7HnEZa7PM,0.15093754986601296,Tractor
72,KovZ917APwH,0.15091473433656946,713 Music Hall
73,KovZ917AEJz,0.1508805999423094,MGM Music Hall at Fenway
74,KovZpa3uCe,0.15078333817026204,Orpheum Theatre
75,KovZ917AcIV,0.15074315890443307,Fontainebleau
76,KovZpZAFa1nA,0.15072658551774168,Paramount Theatre
77,KovZpZAEeFFA,0.15030102007434903,Humphreys Backstage Live
78,rZ7HnEZ17op04,0.1502070685388981,Sony Hall
79,KovZ917APep,0.15009527693660832,Brooklyn Bowl Nashville
80,rZ7HnEZa7CC,0.1498856258760268,Majestic Theatre
81,KovZpa2gne,0.14987872906956326,TD Garden
82,KovZ917Ah1H,0.14974521750391578,Chase Center
83,KovZ917AinI,0.14967540139878438,The Atlantis
84,KovZpZAEkvlA,0.1493651809459062,Revolution Live
85,KovZ917A967,0.14922610663139166,The Echo
86,KovZ917AOz0,0.1485265952801338,The Masquerade - Hell
87,rZ7HnEZ17F4OA,0.14738617091871167,Drom
88,KovZpZAJalEA,0.14723259553169718,PH Live at Planet Hollywood
89,KovZpZAEAlIA,0.14613465594486505,Balboa Theatre
90,KovZ917ACc7,0.14587632028898398,Coca-Cola Roxy
91,KovZ917AxY0,0.14576379157600755,The Echo Lounge & Music Hall
92,rZ7HnEZa6iQ,0.145739732226155,Exit/In
93,KovZpZAEAFdA,0.14554740882469397,South Side Ballroom
94,KovZpZA17ItA,0.14529291457400076,Columbus Athenaeum
95,KovZpZAEeFtA,0.1451691005052616,Wells Hall at The Parker
96,KovZpZAEFI6A,0.1447913047956091,South Point Showroom at South Point Hotel Casino and Spa
97,KovZpZAEAd6A,0.14460761429864893,Beacon Theatre
98,KovZpZAEkIIA,0.14439390206915598,Bayou Music Center
99,KovZpa2WHe,0.1439209526350434,The Masquerade - Heaven
100,KovZ917Ai5U,0.14384837035494571,White Oak Music Hall - Upstairs 
101,KovZ917AxAB,0.1437025458109026,The Observatory North Park
102,KovZpZAFnltA,0.14360832197071707,Neptune Theatre
103,rZ7HnEZak6C,0.14278603026684025,Rumba Cafe
104,KovZpZAJ67eA,0.14272886259257647,American Airlines Center
105,KovZpZAJF7EA,0.14259469738976802,Oracle Park
106,rZ7HnEZ17ffO4,0.14223155547457267,Pearl Street Warehouse
107,rZ7HnEZae-Y,0.14207686826693228,The Crocodile
108,KovZpZAFkvEA,0.1420447039444999,Paramount Theatre
109,KovZpZAFFE7A,0.14180862155066506,WAMU Theater
110,KovZpZAEAIaA,0.14164188941210695,Theatre of Living Arts
111,KovZpZAJFnvA,0.14155477525482246,Westgate Las Vegas Resort & Casino
112,KovZpZAFFt1A,0.14119799017672058,Summit
113,KovZpZAEA7eA,0.14115035604407392,Citizens House of Blues Boston
114,KovZpZAFF1tA,0.14088020079983316,Center Stage Theater
115,KovZpZAEevAA,0.14056343251333583,T-Mobile Park
116,rZ7HnEZ178V74,0.14023178803039285,SOMA - Mainstage
117,rZ7HnEZaePL,0.1402317880303928,Bottom Lounge
118,rZ7HnEZ17Fp1f,0.14023178803039277,Brick and Mortar Music Hall
119,KovZpZAFl6vA,0.14015109091344366,Majestic Theatre Dallas
120,KovZpa4cFe,0.13991140923352652,Petco Park
121,KovZpZAE7vdA,0.1394233102425476,Radio City Music Hall
122,KovZpZAJv7aA,0.13924250826538723,Warner Theatre
123,KovZpZAFdJnA,0.13903826659724874,Byline Bank Aragon Ballroom
124,KovZ917A2m7,0.13879138343662142,The Colosseum at Caesars Palace
125,rZ7HnEZ17oJxA,0.13877978643239477,Brick By Brick
126,KovZpZA6keIA,0.13871853422801037,Gainbridge Fieldhouse
127,rZ7HnEZ178dk4,0.1385580970014709,Marathon Music Works
128,KovZpZAEAAJA,0.1384762888181761,Everwise Amphitheater at White River State Park
129,KovZpZAdEEvA,0.138476288818176,Red Hat Amphitheater
130,KovZpZAEvnlA,0.13777001472987724,Au-Rene Theater at the Broward Center
131,KovZpaKdYe,0.13741876400228095,DAR Constitution Hall
132,KovZpa30pe,0.13573733242945832,Encore Theater at Wynn Las Vegas
133,rZ7HnEZ17FAJ4,0.13524922567024503,Woodlands Tavern
134,KovZpaKAZe,0.13462884027948935,Pearl Concert Theater at Palms Casino Resort
135,KovZpZAEdJaA,0.1343608496214599,Mercedes-Benz Stadium
136,KovZpZAFdJtA,0.13393736875906254,Town Hall
137,KovZpZA6kdtA,0.13362804357392974,Fox Theatre Detroit
138,KovZpZAEeaeA,0.13349758165049116,Rose & Alfred Miniaci Performing Arts Center
139,KovZpZAFk7tA,0.1334143712872257,Culture Room
140,KovZpakX1e,0.13325756354569268,Ford Field
141,rZ7HnEZaASU,0.13288547719960117,Blue Note Jazz Club
142,KovZpZAFlktA,0.1323378553234476,Wrigley Field
143,rZ7HnEZaert,0.1319987930325771,Iridium
144,KovZpZAF6vnA,0.1317152090466942,The Venetian Theatre at The Venetian Resort
145,KovZpZAJd6FA,0.13163554089662136,Boch Center Wang Theatre
146,KovZpZAFAE1A,0.13136689291238882,Sound Board at MotorCity Casino Hotel
147,KovZpZAFd1nA,0.13118311242251832,Agganis Arena
148,KovZpZAFk6EA,0.13107583080251875,Lincoln Theatre
149,KovZpZAEA7IA,0.13085021599061455,Huntington Bank Pavilion at Northerly Island
150,KovZpZA6kelA,0.13052896900305105,Nationwide Arena
151,rZ7HnEZaeqM,0.13050895289070008,Empty Bottle
152,KovZpa2Hxe,0.13033677085067558,Greek Theatre
153,KovZpZAJlvvA,0.13017354154979377,The Showroom at the Golden Nugget
154,KovZpZA7AeJA,0.12990300012766406,Amaturo Theater at Broward Center
155,KovZ917AxdQ,0.12964969227178902,Big Night Live
156,KovZpZA6A1EA,0.12961167711464971,Schottenstein Center
157,KovZpZAEkAaA,0.12938260960991263,Cadence Bank Amphitheatre at Chastain Park
158,KovZpa35ee,0.12901739363430312,Music Hall Center
159,KovZpZAEAAtA,0.12895399896729487,Ohio State University Ice Rink
160,KovZpaKope,0.12869770757570223,Bill Graham Civic Auditorium
161,rZ7HnEZa73K,0.12861013718942982,Cafe Du Nord
162,KovZpZAJ6nlA,0.12848060635909914,The Masonic
163,KovZpZAEAE6A,0.1274372430233031,Manhattan Center Hammerstein Ballroom
164,KovZ917ALpY,0.12702350283384242,Presence Arena
165,KovZpZAEet7A,0.12674029825909122,Ascend Amphitheater
166,rZ7HnEZaA9c,0.125592557378401,Skully's Music Diner
167,KovZpZA7kvlA,0.12517141328456435,The Theater at MSG
168,KovZ917AcSj,0.12485996434015681,The Ellis Theater
169,KovZpap0Fe,0.12441932847692404,Palace of Fine Arts
170,KovZpZAJdEkA,0.12288877689426443,Clowes Memorial Hall
171,KovZpZAJEaaA,0.12182116533885186,Corteva Coliseum
172,KovZpa31me,0.12144848679156749,The Aretha Franklin Amphitheatre
173,KovZpZAJAJeA,0.12132360163005443,The Cosmopolitan of Las Vegas
174,rZ7HnEZ17fACA,0.1213236016300544,The Bourbon Room
175,KovZpZAJadIA,0.12113152362934781,Excalibur Hotel and Casino
176,KovZ917AQTC,0.12113152362934781,BattleBots Arena Behind Horseshoe Las Vegas
177,KovZpZAJ61JA,0.12101401938871453,Arie Crown Theater
178,KovZpZAEdFIA,0.12060484535303269,Highmark Skyline Stage at the Mann
179,KovZ917A-LH,0.11925541507286029,Covelli Center Columbus
180,KovZpZAEA6kA,0.11921067040583878,San Diego Civic Theatre
181,rZ7HnEZ17f-ug,0.11912194699825977,Neck of the Woods
182,rZ7HnEZ17fdZg,0.11910203009527383,The Bluebird Cafe
183,KovZpZAaadEA,0.11873689754666253,United Palace
184,KovZpZAFkkEA,0.1186502323956199,The Masquerade Music Park
185,KovZpZAa1neA,0.11865023239561977,Citizens Bank Park
186,KovZpa3Wne,0.11777857704875568,Empower Field At Mile High
187,rZ7HnEZaeq7,0.11733882941254156,Bimbo's 365 Club
188,KovZ917Ai-Q,0.11677595712837611,Riverside Revival
189,KovZpZAEAdEA,0.11665919204111012,Leader Bank Pavilion
190,KovZpZAF6tIA,0.11616935003394104,Soldier Field
191,KovZ917A3c0,0.11606693712339823,BMO Stadium
192,KovZ917AAD7,0.11606693712339822,Sams Town Live
193,KovZpZAEkeaA,0.11599490612895876,Coastal Credit Union Music Park at Walnut Creek
194,KovZpZA1e7IA,0.11568709084750406,Orleans Arena
195,KovZpZAJaJ1A,0.11556368354323555,Harrah's Showroom at Harrah's Las Vegas
196,KovZpZAEdFeA,0.11553915650716744,NRG Stadium
197,KovZpZA6AEdA,0.11548810726446733,Viejas Arena at Aztec Bowl San Diego State University
198,KovZpa3j7e,0.11539501905274731,Cobb Energy Performing Arts Centre
199,KovZpZAEAIvA,0.11538916060239184,The Wilbur
200,KovZpZAEdFJA,0.11498437124364509,TD Pavilion at the Mann
201,rZ7HnEZ17__4S,0.11495332179339067,Secret Location - Philadelphia
202,KovZpZAatnaA,0.11488495023240133,The Liacouras Center
203,KovZ917AJw7,0.1148849502324013,The Apollo's Jonelle Procope Theater
204,KovZpZA1vanA,0.11470031618038966,Morton H. Meyerson Symphony Center
205,KovZpZAdlkEA,0.11470031618038962,Southside Music Hall
206,KovZpZAF7AnA,0.11394418276775653,8 Seconds Saloon
207,KovZ917Ata1,0.11358427973337004,White Oak Music Hall Lawn
208,KovZpa2H7e,0.1135546102158934,Auditorium Theatre
209,KovZpZAEAAaA,0.11348749349521896,Southern Theatre
210,KovZpZAJ666A,0.11344041288303103,V Theater at Planet Hollywood Inside the Miracle Mile Mall
211,KovZpZAFFt7A,0.11302034505617235,Grace Cathedral
212,rZ7HnEZ173bFA,0.11302034505617235,The Fremont Abbey
213,rZ7HnEZ1734_P,0.11297289040027127,Clock-Out Lounge
214,KovZpZAJ6d1A,0.11295342861750811,Jacobs Music Center
215,KovZpZAadt7A,0.11293855571403003,Echostage
216,KovZpZAJaEaA,0.11283806417004019,NRG Arena
217,KovZpaoBwe,0.11276701199747853,Walker Theatre
218,KovZpZAaIllA,0.11257912991724023,Chrome Showroom at Santa Fe Station Hotel & Casino
219,KovZpZAaE77A,0.11257283686494603,Broadway In Chicago
220,KovZ917AxDG,0.112572836864946,KAOS at Palms Casino Resort
221,KovZ917AGG7,0.11257283686494599,The Copa Room at Tuscany Suites
222,KovZ917AtFx,0.11257283686494599,Virginia Avenue Parking Garage
223,KovZ917Amxf,0.11220434152081801,DiscoShow at The Linq
224,KovZpZAJaJFA,0.112204341520818,Rio Showroom at Rio Las Vegas
225,KovZpZAEknnA,0.11218478380685769,Lumen Field
226,KovZpZAE7d6A,0.11216590811641437,Bruton Theatre
227,KovZpZA1EEJA,0.11210809780313996,Boch Center Shubert Theatre
228,KovZ917AJ-O,0.11207026403236663,The Rady Shell at Jacobs Park
229,KovZ917AJpm,0.11202638583984278,Presence Stadium
230,rZ7HnEZ17oPbP,0.111766052623796,Trees
231,rZ7HnEZ17fZbP,0.11176605262379599,The Vermont Hollywood
232,rZ7HnEZ178PaP,0.11176605262379596,Catch One
233,KovZ917ALw8,0.11176605262379596,B Side at House of Blues Las Vegas
234,rZ7HnEZ178IOP,0.11176605262379596,El Club
235,KovZ917AABV,0.11094352096506307,Orleans Showroom
236,KovZpZAEAAeA,0.11094352096506307,Ohio Stadium
237,KovZ917APYJ,0.11094352096506307,GEODIS Park
238,rZ7HnEZ17uJbA,0.11094352096506303,Grizzly Rose
239,rZ7HnEZ17_K_S,0.11094352096506303,Oasis San Diego Torrey Pine Room
240,rZ7HnEZ17oEag,0.11094352096506303,Carol's Pub
241,rZ7HnEZaeyE,0.11094352096506295,Joe's on Weed Street
242,KovZpZA7AAIA,0.10999197421626229,The Apollo's Historic Theater
243,KovZpZAE7dkA,0.10946669397250228,Clarence Muse Cafe Theater
244,KovZ917Axum,0.10905530996091357,Copernicus Center
245,rZ7HnEZ17ao8f,0.10905530996091357,Feinstein's at The Nikko
246,KovZpZAEke6A,0.10905530996091357, Revolution Live at the Backyard
247,KovZpZA1J67A,0.10905530996091357,Nationals Park
248,KovZpZAEeadA,0.10887209375396231,Abdo New River Room at the Broward Center
249,rZ7HnEZ178J7g,0.10845660870596881,Birdland Jazz Club
250,KovZ917Amf0,0.10823019630783198,The Salt Shed Outdoors (Fairgrounds)
251,KovZpZAJ6eAA,0.10782722854883629,Howard L. Schrott Center for the Arts
252,rZ7HnEZ178p-4,0.10760014753068427,The Athenaeum Theatre
253,KovZ917A2S0,0.10731571030128767,Wintrust Arena
254,rZ7HnEZ17f6Fg,0.10724560058148858,Nova SD
255,KovZ917AIoi,0.1071394491373666,Snapdragon Stadium
256,KovZpZAtv11A,0.10690681710584253,Truist Park
257,rZ7HnEZ174KrF,0.10652936080411954,Birdland Theater
258,rZ7HnEZa5yw,0.10611074703055903,The Masonic Lodge at Hollywood Forever
259,rZ7HnEZa9V3,0.10557343044623048,The Bowery Electric
260,rZ7HnEZak6S,0.10525031356352205,The Basement
261,rZ7HnEZ17FwP7,0.10525031356352205,Gramercy Theatre
262,rZ7HnEZ17fa7P,0.10525031356352205,The East Room
263,KovZpZAdEJEA,0.104700739397478,Lucas Oil Stadium
264,KovZpZA7dJlA,0.10460809580874861,Paris Ballroom
265,KovZpZAFAt6A,0.10407127864890452,Luckman Fine Arts Complex
266,KovZpa3xIe,0.10381720665483585,The Summit Showroom at The Venetian Resort
267,KovZpakSie,0.10374196438947837,Indiana Convention Center
268,KovZpZAF6eJA,0.10374196438947836,Nashville Municipal Auditorium
269,rZ7HnEZ17fdFg,0.10330959465849025,Maranatha Chapel
270,KovZ917AcjI,0.10330959465849025,World Stage Theater at the Museum of the Bible
271,rZ7HnEZ17f8O4,0.10330959465849025,Rock Church
272,KovZpZAa1lEA,0.10330959465849025,House of Hope
273,KovZpZAJ6n7A,0.10322300787365274,Saxe Theater at Planet Hollywood Inside the Miracle Mile Mall
274,KovZpa2Bpe,0.10305060210352422,Credit Union 1 Arena at UIC
275,KovZpZAdEInA,0.10301782645052918,SAHARA THEATRE AT SAHARA LAS VEGAS
276,KovZpZAEkA1A,0.10293288411563752,Columbus Civic Center
277,KovZpa2yme,0.10256246145736854,Lincoln Financial Field
278,rZ7HnEZ178VAP,0.10234466984386593,SOMA - Sidestage
279,KovZpaF2Qe,0.10230690268563054,Bugsy's Cabaret at Flamingo
280,KovZpZAFk6lA,0.10226908876142618,The National Theatre
281,KovZ917A-SI,0.10202686944138888,Atomic Saloon in the Grand Canal Shoppes
282,rZ7HnEZ17f6QA,0.10173429686751029,Exchange LA
283,rZ7HnEZ178OrA,0.10173429686751029,Russell Industrial Center
284,KovZ917AxnI,0.10173429686751029,NOTO
285,KovZ917AJxJ,0.10173429686751026,The Grand (Boston)
286,KovZ917Acs8,0.10173429686751026,NOTO
287,KovZpZAEAFeA,0.10173429686751026,Dos Equis Pavilion
288,KovZpZAEkeFA,0.10173429686751025,Lakewood Amphitheatre
289,KovZpZAF6JEA,0.10173429686751023,Jabbawockeez Theater at MGM Grand Hotel & Casino
290,KovZ917AJq3,0.10173429686751023,Soundcheck
291,KovZ917AR_1,0.10173429686751023,Foundation Room at House of Blues Chicago
292,KovZ917Aai0,0.10173429686751023,Ophelia's Electric Soapbox
293,KovZ917AcdZ,0.10173429686751023,Brooklyn Bowl Philadelphia Downstairs
294,KovZ917AEKn,0.10173429686751023,Scorpion Bar Boston
295,rZ7HnEZ17_8ZS,0.10173429686751023,Bloom
296,KovZ917A-lO,0.10173429686751023,Russell Industrial Center
297,KovZ917AI2V,0.10173429686751022,The JunkYard
298,KovZpZA1J7JA,0.10159307452902008,Orpheum Theatre presented by Citizens
299,KovZpZAJA6IA,0.10159307452902003,Cal Coast Credit Union Open Air Theatre at SDSU
300,rZ7HnEZ17qf4V,0.10140096388538337,The Church Nightclub
301,KovZ917AiNY,0.10140096388538335,The Torch at LA Coliseum
302,rZ7HnEZ17f6_g,0.1014009638853833,Academy LA
303,KovZ917Atbr,0.10078632586008804,Sphere
304,KovZpZAEAteA,0.1004555677557331,Florence Gould Theater at L'Alliance New York
305,KovZpZAFAJkA,0.10045556775573307,Cadillac Palace
306,KovZpZAJJEaA,0.10013182949144292,Hobby Center
307,KovZ917Amhj,0.09988790431854512,Punch Line Philly Callback Bar
308,KovZ917AQDH,0.09988790431854512,Comedy Cellar at Rio Las Vegas
309,KovZpZAatadA,0.09988790431854509,Herbst Theatre
310,KovZpZAJFJEA,0.09988790431854508,Brad Garrett's Comedy Club
311,KovZpZAE6e7A,0.09988790431854506,Punch Line Comedy Club - San Francisco
312,KovZ917ARGO,0.09988790431854506,Punch Line Houston
313,KovZpZAFnlFA,0.09988790431854506,Detroit Opera House
314,KovZpZAF6lvA,0.09988790431854506,MGM Grand Detroit Event Center
315,KovZpZAaJ17A,0.09988790431854506,The Event Center at Hollywood Casino Columbus
316,KovZ917Ac0J,0.09988790431854505,House of Tape in the Underground Theater
317,KovZpZAF6alA,0.09987624812129926,Apollo Theater
318,rZ7HnEZa7sP,0.09929000320195487,Swedish American Hall
319,KovZpaoyie,0.09916144802321106,Wexner Center Mershon Auditorium
320,rZ7HnEZ17o4OP,0.09865692029697083,Heaven Can Wait
321,KovZpZAEkFEA,0.09762950034874689,Cobb's Comedy Club
322,KovZ917Ah1Z,0.09758667014870356,Entertainment & Sports Arena
323,KovZpZAJ7AIA,0.097573159386533,Humphreys Concerts By the Bay
324,KovZpZA1vkIA,0.09757315938653291,Ticketmaster Test Stadium
325,rZ7HnEZ173614,0.09757315938653291,Warner Theatre
326,KovZpZAEAAvA,0.09757315938653291,Ohio Expo Center & State Fair
327,KovZpa2W1e,0.09757315938653291,Dodger Stadium
328,KovZ917AQXY,0.0975731593865329,Moon Room at Summit
329,KovZpZAEd1kA,0.0975731593865329,Mayan Theater
330,KovZpZAJE1vA,0.0975731593865329,Palace Theatre
331,KovZpa34ne,0.0975731593865329,McCaw Hall
332,rZ7HnEZaezH,0.0975731593865329,The Showbox
333,KovZpZA77eJA,0.0975731593865329,Capital One City Parks Foundation SummerStage
334,KovZ917APcI,0.09732697154727755,Wayne State Fieldhouse
335,KovZ917AY7l,0.09732697154727754,The Jungle
336,KovZpZAF7vIA,0.09732697154727754,Roof At the Case Center
337,KovZpZA1evEA,0.09732697154727754,Seattle University Redhawk Center
338,KovZpZAJIJ6A,0.09732697154727754,Tudor Fieldhouse
339,KovZ917ALJb,0.09732697154727753,Charles E. Smith Center
340,KovZpZAF77JA,0.09732697154727753,Hinkle Fieldhouse
341,rZ7HnEZ178g0P,0.09705658550901064,Berlin
342,rZ7HnEZ17G8r4,0.09705658550901064,Harpo's Concert Theatre
343,KovZpZAa1eEA,0.09684313869270433,Lisner Auditorium
344,KovZpZA6AJAA,0.09663709941701414,CIBC Theatre
345,KovZpZAEdntA,0.09620083412577406,Crypto.com Arena
346,rZ7HnEZ17fZrA,0.0954231729790181,Here - After
347,KovZ917AOfZ,0.09528189645761741,Jimmy Kimmel's Comedy Club
348,KovZpZAJFJIA,0.0952818964576174,David Copperfield Theater at MGM Grand Hotel and Casino
349,KovZpZA1nItA,0.09528189645761738,Palazzo Theatre at The Venetian Resort
350,KovZpZAEvtFA,0.09506781274837522,Punch Line Philly
351,KovZpaoMGe,0.09494635678527787,Walnut Street Theatre
352,KovZpZAE7daA,0.09457788628217961,Tbaal Room T 314
353,KovZpZAJaldA,0.09457788628217959,Chippendales Theater at Rio Las Vegas
354,KovZ917A-gV,0.0940489278540166,Shelton Auditorium at Butler Arts Center
355,KovZpZAFd1JA,0.0940489278540166,Citizens Opera House
356,KovZpZAFFvnA,0.0930292018103197,Music Hall At Fair Park
357,KovZpZA7v6tA,0.09279389425109727,Wilshire Ebell Theatre
358,rZ7HnEZ178PbA,0.09234230359921655,Hill Country Live
359,rZ7HnEZ173bk4,0.09234230359921655,Barboza
360,rZ7HnEZ171ZA7,0.09234230359921652,Burlington Bar
361,KovZpZAFdJIA,0.09187832658841688,Astor Place Theatre
362,KovZpZAEAelA,0.09187832658841688,Blue Man Theater at Luxor
363,KovZpZAF7etA,0.09187832658841688,Orpheum Theatre NYC
364,KovZpZAFAJ7A,0.09187832658841688,James M. Nederlander Theatre
365,KovZpZAEeFaA,0.09187832658841688,Hollywood Pantages Theatre
366,KovZpa3cze,0.09187832658841688,Charles Playhouse
367,KovZpZAEAAdA,0.09187832658841688,Ohio Theatre
368,KovZpabeVe,0.09187832658841688,Margot and Bill Winspear Opera House
369,KovZpZAIetEA,0.09187832658841688,Lilly Hall Studio Theatre
370,KovZpZAF7eIA,0.09187832658841687,Minetta Lane Theatre
371,KovZpZAdaAlA,0.09187832658841687,New Amsterdam Theatre
372,KovZpZA6kdJA,0.09187832658841687,Briar Street Theatre
373,KovZpaF4Ve,0.09187832658841685,The Theater Center
374,KovZ917AOSm,0.09114153237598152,Thunderland Showroom at Excalibur
375,KovZpZA7danA,0.0900960941811477,Michael Jackson ONE Theatre at Mandalay Bay Resort and Casino
376,KovZpZAJadJA,0.0900960941811477,KA Theatre at MGM Grand Hotel and Casino
377,KovZpZAJFJJA,0.0900960941811477,New York-New York Theater
378,KovZ917App7,0.09009609418114768,The Spiegeltent at Caesars Palace
379,KovZpaFG3e,0.09009609418114768,'O' Theatre at Bellagio Las Vegas
380,KovZpa30Oe,0.08999436070677665,Awakening Theater at Wynn Las Vegas
381,KovZpZAJJEtA,0.08886455202646583,Zilkha Hall at the Hobby Center
382,KovZ917A9C7,0.08805196281228829,Erickson Theatre Off Broadway
383,KovZpZAJanEA,0.08805196281228828,Penn & Teller Theater at Rio Las Vegas
384,KovZ917A2F0,0.08805196281228828,Criss Angel Theater at Planet Hollywood
385,rZ7HnEZa7CR,0.08778960846955614,Magic Stick
386,KovZpZAFAJEA,0.08741008551787399,Broadway Playhouse at Water Tower Place
387,KovZpZAJalFA,0.08645011767992038,Imagine Showroom at Horseshoe Las Vegas
388,KovZpZAEAA7A,0.08585002324103021,Palace Theatre Columbus
389,KovZ917ALsI,0.08288204369163278,Las Vegas Ballpark
390,KovZpa2BVe,0.08288204369163278,Huntington Park
391,KovZpZAEdlnA,0.07917754620984813,Harrah's Cabaret at Harrah's Las Vegas
392,KovZpZAJaJ7A,0.07757371102771231,Mat Franco Theater at The Linq
393,KovZpZAJanIA,0.07358216509270789,Flamingo Showroom at Flamingo Las Vegas
394,KovZpZA7eaIA,0.0,Caribe Royale Orlando
395,KovZpZAEAd1A,0.0,Bethel Woods Center for the Arts
396,KovZpZAdnEEA,0.0,Koessler Athletic Center At Canisius University
397,KovZpZAEAA1A,0.0,House of Blues Cleveland
398,KovZ917AGpf,0.0,GLC Live at 20 Monroe
399,KovZpaFIme,0.0,House of Blues Orlando
400,KovZ917ARFJ,0.0,PPL Center
401,KovZpZAE67kA,0.0,Exactech Arena at the Stephen C. O'Connell Center
402,rZ7HnEZ17F44V,0.0,Circus Vazquez - Citi Field
403,rZ7HnEZ173fr4,0.0,Lil' Indies
404,rZ7HnEZ17kAAf,0.0,Lovin' Cup
405,KovZpaoUze,0.0,Bryce Jordan Center
406,KovZpZAFdJdA,0.0,F.M. Kirby Center
407,KovZ917A-mZ,0.0,Gateway Center Arena
408,KovZ917APg3,0.0,The Andrew J Brady Music Center
409,KovZpa3rme,0.0,Birchmere
410,KovZpZAEvEEA,0.0,Kia Center
411,KovZ917AJge,0.0,UB Center for the Arts - Mainstage Theatre
412,KovZpZAFdIaA,0.0,Tilson Auditorium
413,KovZpaoSYe,0.0,Chrysler Hall
414,KovZ917AhRn,0.0,Angel Of The Winds Arena
415,KovZ917AJ4r,0.0,Columbia County Performing Arts Center
416,KovZ917ARvk,0.0,The Bell House
417,KovZpZA7eJkA,0.0,Music Farm
418,KovZpZAFFktA,0.0,Stockton BallPark
419,KovZpZA6ta6A,0.0,Landers Center 
420,KovZpZAdJalA,0.0,The Palace Theatre Albany
421,KovZpZAJ6ekA,0.0,Chaifetz Arena
422,KovZpZAJEa1A,0.0,Packard Music Hall
423,rZ7HnEZa5n1,0.0,SPACE
424,rZ7HnEZ174zuz,0.0,Snug Harbor Jazz Bistro
425,KovZpa2Wre,0.0,Paycom Center
426,KovZpZAJevIA,0.0,Old National Events Plaza
427,KovZ917A887,0.0,The Van Buren
428,KovZ917AEqX,0.0,Mullett Arena 
429,KovZpZAtv1nA,0.0,Antone's Nightclub
430,KovZ917AJZU,0.0,Knitting Factory - Boise
431,KovZpZAaatIA,0.0,Blueberry Hill Duck Room
432,KovZpZAEA67A,0.0,House of Blues Anaheim
433,KovZ917AGff,0.0,Constellation Room
434,rZ7HnEZ17oUCA,0.0,The Liberty
435,KovZpZAanJtA,0.0,Kiva Auditorium at the Albuquerque Convention Center
436,rZ7HnEZa7Re,0.0,Ventura Theater
437,KovZpZAFAIEA,0.0,City National Grove of Anaheim
438,rZ7HnEZ178sjP,0.0,Hollywood Improv (The Lab)
439,rZ7HnEZ178wGA,0.0,Belly Up
440,rZ7HnEZ178Ex4,0.0,Irvine Improv
441,rZ7HnEZ173koA,0.0,The Venice West
442,rZ7HnEZ178034,0.0,Blue Note Hawaii
443,rZ7HnEZ178sj4,0.0,Hollywood Improv (The Main Room) 
444,KovZpZAEAEJA,0.0,The Museum at Bethel Woods
445,KovZ917Am4e,0.0,"The Paramount Theatre (Middletown, NY)"
446,KovZpZAdnvlA,0.0,Toby's Dinner Theatre Columbia
447,KovZpaGjIe,0.0,VSU Multi-Purpose Center
448,KovZpZAF6ttA,0.0,U.S. Bank Stadium
449,KovZpZA6taeA,0.0,PPG Paints Arena
450,KovZpZA6tFlA,0.0,The Fillmore Silver Spring
451,KovZpZAE76EA,0.0,EagleBank Arena
452,KovZ917APye,0.0,UBS Arena
453,KovZpZAE67AA,0.0,VyStar Veterans Memorial Arena
454,KovZpZAJkdJA,0.0,University of Dayton Arena
455,KovZ917A_J7,0.0,Spirit Hall
456,KovZpa9qHe,0.0,Whitney Hall
457,KovZpZA6AEIA,0.0,Spectrum Center 
458,KovZ917AIsk,0.0,Martire Family Arena 
459,KovZpZA1ltEA,0.0,Palace Theatre Stamford
460,KovZpaowGe,0.0,West Herr Auditorium Theatre at West Herr Performing Arts Center
461,KovZpa4xGe,0.0,University at Buffalo - Alumni Arena
462,KovZpZAaFEaA,0.0,KeyBank Center
463,rZ7HnEZ17FNaA,0.0,The Abbey
464,KovZpZAF7nkA,0.0,Mizzou Arena
465,KovZpZAdJ16A,0.0,Reverb
466,KovZpZAEkAvA,0.0,Yuengling Center
467,KovZpZA6k7IA,0.0,Amalie Arena
468,KovZpZAEk6tA,0.0,The Louisville Palace
469,KovZpZAEkAEA,0.0,Spartanburg Memorial Auditorium
470,KovZ917A8C7,0.0,Hackensack Meridian Health Theatre at the Count Basie Center 
471,KovZpZAJF7AA,0.0,Tennessee Theatre
472,KovZpZA1eE1A,0.0,Food City Center
473,KovZpZAEAEtA,0.0,The Paramount
474,KovZpaowOe,0.0,Broome County Forum Theatre
475,KovZpZAaaFJA,0.0,Iowa State Cyclones - Hilton Coliseum
476,KovZpZAJA6FA,0.0,Huntington Center
477,KovZpZAF6tkA,0.0,Hershey Theatre
478,KovZpZAFd1tA,0.0,Attucks Theatre
479,KovZpa3mee,0.0,State Theatre
480,KovZpZAJdEvA,0.0,The Santander Performing Arts Center 
481,KovZpZAEAknA,0.0,DeVos Performance Hall
482,KovZ917AJEY,0.0,The Haller Club at The Parker
483,KovZ917AJIC,0.0,The Place To Be at The Parker
484,KovZpZAJk7IA,0.0,The Depot
485,KovZpa4xOe,0.0,Kodak Center
486,rZ7HnEZ17f9Og,0.0,Heights Theater
487,rZ7HnEZ17FPfV,0.0,The Southgate House Revival - Sanctuary
488,rZ7HnEZ178FFA,0.0,Reverb
489,rZ7HnEZ173f-g,0.0,First West
490,rZ7HnEZaAnS,0.0,Club Cafe
491,KovZpZAJ61EA,0.0,UW - Milwaukee Panther Arena 
492,KovZpZAF7anA,0.0,CFSB Center
493,KovZpaogfe,0.0,Springfield Symphony Hall
494,KovZ917A-wx,0.0,Seminole Hard Rock Tampa Event Center
495,KovZpa2Wfe,0.0,Credit Union of Texas Event Center
496,KovZpZA6AJdA,0.0,Xcel Energy Center
497,KovZ917APwI,0.0,The Factory
498,KovZpZAdEEIA,0.0,BJCC Concert Hall
499,KovZpZAFkJlA,0.0,Pensacola Saenger Theatre
500,rZ7HnEZ173aaP,0.0,Hobart Art Theatre
501,KovZpa3aIe,0.0,Fox Cities PAC
502,KovZpa2gGe,0.0,Amica Mutual Pavilion
503,KovZ917AOAw,0.0,Dickies Arena
504,KovZpaoXxe,0.0,Music Hall Kansas City
505,KovZpZAdanaA,0.0,North Theatre at North Shore Center for the Performing Arts     
506,KovZpZAE617A,0.0,Footprint Center
507,KovZpZAdJInA,0.0,Desert Financial Arena
508,KovZpaFnje,0.0,KFC Yum! Center
509,KovZpZAa11tA,0.0,Orpheum Theater
510,KovZpZAEetIA,0.0,ExtraMile Arena
511,rZ7HnEZadkE,0.0,Tipitina's
512,rZ7HnEZ17feC4,0.0,The Hall
513,KovZpZAdlFaA,0.0,Rialto Theatre-Tucson
514,KovZpZAE6v1A,0.0,ASU Gammage
515,KovZpZAaI1eA,0.0,Centennial Hall
516,KovZpZAEkAJA,0.0,Littlejohn Coliseum
517,rZ7HnEZ17oxvP,0.0,Valley Bar
518,KovZpZA1l1FA,0.0,Fox Fine Arts Recital Hall
519,KovZpZAdlFFA,0.0,Nile Theater
520,KovZpaF28e,0.0,Harveys Cabaret at Harveys Lake Tahoe
521,KovZ917AP-3,0.0,Eldorado Showroom at Eldorado Casino Reno
522,KovZpZAEF76A,0.0,Golden 1 Center
523,rZ7HnEZ17fFZP,0.0,Water of Life Church
524,KovZ917A-Tn,0.0,Acrisure Arena at Greater Palm Springs
525,KovZ917Ai8b,0.0,Tahoe Blue Event Center
526,KovZ917Acq0,0.0,Intuit Dome
527,KovZ917AJue,0.0,YouTube Theater
528,rZ7HnEZa7Yy,0.0,Catalina Bar & Grill
529,rZ7HnEZaA17,0.0,Dante's
530,KovZpap83e,0.0,TU Arena
531,KovZ917APWk,0.0,Protective Stadium
532,KovZpa44be,0.0,Murphy Center
533,KovZpZA6t76A,0.0,Legacy Arena at The BJCC 
534,KovZpZAaaInA,0.0,IMAX THEATRE at TROPICANA
535,KovZpZA6kvlA,0.0,Gillette Stadium
536,KovZpa3-Ce,0.0,Appalachian Wireless Arena (Formerly Eastern Kentucky Expo Ctr)
537,KovZpZA11tIA,0.0,Hill Field House
538,KovZpZAdEkEA,0.0,MJ Nesheiwat Convention Center
539,KovZ917AJDJ,0.0,Lovedraft's Brewing Co.
540,KovZpZAEkInA,0.0,McAllen Convention Center
541,KovZpZAEkaJA,0.0,VBC Mark C Smith Concert Hall
542,KovZ917AOpe,0.0,UPMC Events Center
543,KovZpZAEkAnA,0.0,North Charleston Performing Arts Center
544,KovZpZA6taEA,0.0,Total Mortgage Arena
545,KovZpZA77eEA,0.0,Upstate Medical University Arena at The Oncenter War Memorial
546,KovZpZA7deEA,0.0,Nassau Veterans Memorial Coliseum
547,KovZpZA77ldA,0.0,Brooklyn Paramount
548,KovZpZAEktIA,0.0,The Lerner Theatre
549,KovZ917ARTD,0.0,Universoul Circus - Cleveland
550,KovZ917Ac6b,0.0,The Hook at Caesars Atlantic City
551,KovZpa3eBe,0.0,Varsity Theater
552,KovZpakwJe,0.0,Blue Cross Arena
553,KovZpaoMee,0.0,Mohegan Arena at Casey Plaza
554,KovZpZAdFatA,0.0,Dow Event Center
555,KovZ917AtP3,0.0,Barclays Center
556,KovZpZAEkJeA,0.0,Hard Rock Live Orlando
557,KovZpZAE7EvA,0.0,Truist Arena
558,KovZpZA6tdJA,0.0,Heritage Bank Center
559,KovZpZAaIlvA,0.0,FRANCIS-BOOTH EXPERIMENTAL THEATRE
560,KovZpZAEkFtA,0.0,Toyota Oakdale Theatre
561,KovZpa4PZe,0.0,St. George Theatre
562,KovZpZAFdldA,0.0,Landmark Theatre
563,rZ7HnEZ178E0A,0.0,Pittsburgh Improv
564,KovZ917AJuG,0.0,Jimmy's Jazz and Blues Club
565,KovZ917AmVB,0.0,Fishers Event Center
566,KovZ917AJnQ,0.0,Crystal Ballroom at Somerville Theatre
567,KovZpZAEkAeA,0.0,Hertz Arena
568,KovZpZAJtFaA,0.0,Kaseya Center
569,KovZpZAEkdvA,0.0,Gas South Arena
570,KovZ917ANwG,0.0,Moody Center ATX
571,KovZpZA1vt6A,0.0,The Charleston Music Hall
572,KovZpZAIetFA,0.0,Brooklyn Bowl
573,KovZpaFtpe,0.0,Palladium Times Square 
574,rZ7HnEZ178AZ4,0.0,Lafayette's Music Room - Memphis
575,rZ7HnEZ17fevg,0.0,Word of Life Church
576,KovZpa2BOe,0.0,Rosemont Theatre
577,KovZpZAF7aIA,0.0,Betty Engelstad Sioux Center
578,KovZ917A_fV,0.0,Fiserv Forum
579,KovZpZAJvIeA,0.0,The Wellmont Theater
580,KovZpZAE7edA,0.0,Baxter Arena
581,KovZpZAE7vaA,0.0,Prudential Center
582,KovZpZAEAkkA,0.0,Ames Center
583,KovZpakWUe,0.0,CHI Health Center Omaha
584,KovZpZAJEvnA,0.0,Orpheum Theatre Sioux City
585,KovZ917A-HC,0.0,The Union
586,rZ7HnEZ1734-A,0.0,The Merry Widow
587,KovZ917APzk,0.0,Barleycorn's
588,KovZpZAEe1eA,0.0,Matthew Knight Arena
589,KovZpZAJ7AnA,0.0,NMSU Pan American Center
590,KovZpZAE7evA,0.0,Target Center
591,KovZpZAE6eIA,0.0,Maverik Center
592,rZ7HnEZ17oFZ4,0.0,Crescent Ballroom
593,rZ7HnEZ17qkPV,0.0,Chickie Wah Wah
594,KovZpZAEk7lA,0.0,Arizona Financial Theatre
595,KovZpZAJelvA,0.0,SAP Center at San Jose
596,KovZpZAEkFIA,0.0,Punch Line Comedy Club - Sacramento
597,KovZ917AEgk,0.0,Tech CU Arena
598,KovZ917AJup,0.0,SAFE Credit Union Performing Arts Center
599,KovZpZAF6JkA,0.0,The Observatory
600,KovZpakTme,0.0,Honda Center
601,KovZpZAEA6lA,0.0,Fox Performing Arts Center
602,KovZpZA6t7dA,0.0,Save Mart Center
603,KovZpZAJk71A,0.0,San Jose Civic
604,rZ7HnEZ17aYjV,0.0,The Coach House
605,KovZ917Atrk,0.0,The Sound
606,KovZpZAFdI1A,0.0,John E Worthen Arena
607,KovZ917AIWj,0.0,Fair Grounds Race Course
608,KovZpZAFdlaA,0.0,Niagara University Gallagher Center
609,KovZ917Ax13,0.0,Roxian Theatre
610,rZ7HnEZ17fob4,0.0,CHS Field
611,rZ7HnEZ17qpv7,0.0,Joliet Slammers Stadium
612,KovZpZAJe6dA,0.0,CFG Bank Arena
613,KovZpZA6tavA,0.0,Charleston Coliseum
614,KovZpZAEkA6A,0.0,Ovens Auditorium
615,KovZpZAJvnIA,0.0,Harrah's Cherokee Center - Asheville
616,KovZpZAdt7AA,0.0,The Stone Pony
617,KovZpZAF6knA,0.0,MVP Arena
618,KovZpZAdnEtA,0.0,The Wonder Bar
619,KovZ917AI9w,0.0,Brooklyn Made
620,rZ7HnEZ17FoOA,0.0,The Magic Bag
621,rZ7HnEZa7LQ,0.0,Middle East - Upstairs
622,rZ7HnEZ173ePg,0.0,Broken Goblet
623,rZ7HnEZ1739j4,0.0,Abba's House
624,rZ7HnEZ17_bvd,0.0,London Bridge Church
625,KovZpa2gOe,0.0,Scope Arena
626,KovZpZAEAlkA,0.0,Van Andel Arena
627,KovZ917Atj7,0.0,NorthRidge Church
628,KovZpZAEAklA,0.0,OU Credit Union O'rena
629,KovZ917A0Wp,0.0,Savannah Civic Center - Johnny Mercer Theatre
630,KovZpZAFkdIA,0.0,Memorial Coliseum
631,KovZ917A5LV,0.0,The Theater at MGM National Harbor
632,KovZpZAIvl1A,0.0,Ludlow Garage Cincinnati
633,KovZpZAEkJaA,0.0,Jacksonville Center for the Performing Arts - Jacoby Hall
634,KovZpZAE677A,0.0,Jacksonville Center for the Performing Arts - Moran Theater
635,KovZ917AtJx,0.0,Empire Underground
636,KovZ917AR00,0.0,Frank J. Pasquerilla Conference Center
637,KovZpa2X8e,0.0,DPAC - Durham Performing Arts Center
638,KovZ917AIq8,0.0,Crown Theatre
639,KovZpZA7vdIA,0.0,Memorial Hall
640,KovZpZAEkFlA,0.0,Great Cedar Showroom at Foxwoods Resort Casino
641,KovZpZAE6e6A,0.0,Premier Theater at Foxwoods Resort Casino
642,KovZpZAIEntA,0.0,The Walker Theatre
643,KovZpa6Vxe,0.0,New Jersey Performing Arts Center
644,KovZpaoSFe,0.0,Shea's 710 Theatre
645,KovZpa6Bre,0.0,Sanford Pentagon
646,KovZpZAF6t7A,0.0,The Pullo Center 
647,KovZpZA6AEaA,0.0,Hard Rock Live
648,KovZpZAdE1eA,0.0,Duke Energy Center for the Arts - Mahaffey Theater
649,KovZ917A-xJ,0.0,Old Forester's Paristown Hall
650,KovZpZAEk7EA,0.0,Mercury Ballroom
651,KovZpa4fJe,0.0,Baltimore Soundstage
652,KovZpZA1ll1A,0.0,Pelham Civic Complex
653,KovZ917ARno,0.0,The Vault at Capital One Hall
654,KovZpZAE6eEA,0.0,Von Braun Center Propst Arena
655,KovZpZAJJEdA,0.0,Frost Bank Center
656,KovZpZAJE7nA,0.0,Jefferson Theatre
657,KovZpZAEAEeA,0.0,Emo's Austin
658,KovZpZAIIvEA,0.0,The Underground
659,KovZ917Ax6H,0.0,The Capitol Theatre
660,KovZ917AE5C,0.0,Turner Theater
661,KovZpZA6t7eA,0.0,Brookshire Grocery Arena
662,KovZpZAE6vlA,0.0,FedExForum
663,KovZpZAE6vtA,0.0,House of Blues New Orleans 
664,KovZpZAE7FaA,0.0,First National Bank Arena
665,KovZpaFeje,0.0,Tilles Center Concert Hall
666,rZ7HnEZ178E0P,0.0,Chicago Improv
667,rZ7HnEZ173A8A,0.0,The Winchester
668,rZ7HnEZ17otZP,0.0,Ottobar
669,rZ7HnEZ17q4Cf,0.0,Lake Geneva Christian Center
670,rZ7HnEZ17__Fd,0.0,Huntsville Levity Live
671,rZ7HnEZ17oSOg,0.0,Prairie Band Casino and Resort
672,rZ7HnEZae0A,0.0,Beachland Ballroom
673,rZ7HnEZ17fpA4,0.0,The Hawthorn
674,KovZpZA16lAA,0.0,Jefferson Theater
675,KovZ917AP1r,0.0,Wally's
676,KovZ917Axcj,0.0,Elevation 27
677,KovZpZAIIEaA,0.0,Family Arena
678,KovZpZAF7IIA,0.0,Hoyt Sherman Place
679,KovZpZAJAl7A,0.0,Denny Sanford PREMIER Center
680,KovZpZAJEaEA,0.0,Vibrant Arena at the Mark
681,KovZ917A91V,0.0,Bloomington Center for the Performing Arts
682,KovZpZAEkaIA,0.0,Montgomery Performing Arts Centre
683,KovZpZAJ1eaA,0.0,Jo Long Theatre
684,rZ7HnEZ17aaq7,0.0,Fete Music Hall
685,rZ7HnEZ178Ve4,0.0,Garden Amphitheatre
686,KovZpZA6AJ7A,0.0,The Pageant
687,KovZpZAA1JnA,0.0,Dudley Riggs Theatre
688,KovZpa3sre,0.0,Uptown Theater
689,KovZ917AmTb,0.0,Stride Bank Center
690,KovZpZAJdEEA,0.0,Stephens Auditorium
691,KovZpZAFAdlA,0.0,Rialto Square Theatre
692,KovZpZAE7IJA,0.0,Iron City
693,KovZpZAE7dtA,0.0,Colonial Life Arena
694,KovZ917AI6i,0.0,1884 Lounge
695,KovZpZAE6vIA,0.0,Saenger Theatre Mobile
696,KovZ917AJuV,0.0,Revolution Concert House & Event Center
697,KovZpa3WVe,0.0,Deadwood Mountain Grand
698,rZ7HnEZ17o3OP,0.0,Purple Room Supper Club
699,rZ7HnEZadnq,0.0,Howlin' Wolf
700,rZ7HnEZ173bOA,0.0,Chelsea’s Live
701,KovZpZAEAlaA,0.0,Hollywood Palladium
702,KovZpa2MCe,0.0,Allstate Arena
703,KovZpZAt6ndA,0.0,191 Toole
704,KovZpZAEkFkA,0.0,Texas Club
705,KovZpZAEA6FA,0.0,Riverside Municipal Auditorium
706,KovZ917AOww,0.0,The Magnolia
707,KovZpa30Ve,0.0,Grand Sierra Resort and Casino
708,KovZpZAanJeA,0.0,Bob Hope Theatre
709,rZ7HnEZa7IO,0.0,Neurolux Lounge
710,rZ7HnEZ17qoZ0,0.0,The Historic Lobo Theater Lounge and Event Center
711,KovZ917AGEf,0.0,The Parish at House of Blues Anaheim
712,KovZpZAFkvJA,0.0,Pantages Theater
713,KovZ917AP-J,0.0,Laugh Factory at the Silver Legacy Casino
714,KovZpaKoXe,0.0,Fox Theater - Oakland
715,rZ7HnEZ178y4A,0.0,Jack London Revue
716,rZ7HnEZ17fS8P,0.0,The Showdown
717,rZ7HnEZ178ExA,0.0,Brea Improv
718,rZ7HnEZ178EPP,0.0,Ontario Improv
719,KovZpZAdE17A,0.0,William a Egan Civic and Convention Center
720,rZ7HnEZ178pq4,0.0,Star Theater
721,KovZpZAEk6IA,0.0,Bogart's
722,KovZpZAFAl7A,0.0,Bojangles Coliseum
723,KovZ917AIq0,0.0,Crown Coliseum
724,KovZ917AI03,0.0,William H. Pitt Center
725,KovZpZAJF7nA,0.0,XL CENTER
726,KovZpZAFdl7A,0.0,Shea's Performing Arts Center
727,KovZpaFGYe,0.0,Visions Veterans Memorial Arena
728,KovZpaowee,0.0,The Stanley
729,KovZpZAdJtAA,0.0,Warsaw
730,KovZpaFeJe,0.0,HARBORCENTER
731,rZ7HnEZ17_t4S,0.0,Love Story Church
732,rZ7HnEZ17o-QA,0.0,The Sanctuary Detroit
733,rZ7HnEZ17oJA4,0.0,Raleigh Improv
734,KovZpZAanevA,0.0,TempleLive Cleveland Masonic
735,KovZpZAEAIFA,0.0,Cross Insurance Center
736,KovZpZAanFdA,0.0,Silver Creek Event Center at Four Winds New Buffalo
737,KovZ917AtLe,0.0,The Naz Church
738,KovZ917A59V,0.0,Goodyear Theater
739,KovZpZAJEInA,0.0,Bon Secours Wellness Arena 
740,KovZpZAEkenA,0.0,North Charleston Coliseum
741,KovZpZA1JnFA,0.0,Knoxville Civic Coliseum
742,KovZpZA6kvJA,0.0,DCU Center
743,KovZpa39be,0.0,1st SUMMIT ARENA at Cambria County War Memorial
744,KovZpa4gme,0.0,Albany Municipal Auditorium
745,KovZpZAJ6knA,0.0,Hollywood Casino at Charles Town Races
746,KovZ917AIfX,0.0,Riverfront Live
747,KovZpZAJn77A,0.0,The Maryland Theatre
748,KovZpZAEkkeA,0.0,Township Auditorium
749,KovZ917ALBC,0.0,Steven Tanger Center for the Performing Arts
750,rZ7HnEZ17_KPN,0.0,Madison Live (734)
751,rZ7HnEZ178EPA,0.0,West Nyack Levity Live
752,KovZpZAJd6aA,0.0,Chevalier Theatre
753,KovZpaFd7e,0.0,Salem Civic Center
754,KovZpZAEAFAA,0.0,FPL Solar Amphitheater at Bayfront Park
755,KovZ917Atoj,0.0,The Studio at Mizner Park
756,KovZ917A2G0,0.0,Charles F. Dodge City Center Pembroke Pines
757,KovZpZA6keEA,0.0,Allen County War Memorial Coliseum
758,KovZ917AJUF,0.0,Enmarket Arena
759,KovZpZAJdtFA,0.0,Winston-Salem Fairgrounds
760,KovZpZAkEkvA,0.0,Bethesda Theater
761,KovZpZAIE7nA,0.0,The Lyric Theatre
762,KovZpZAJIndA,0.0,BOK Center
763,KovZ917A_PV,0.0,The Funhouse at Mr. Smalls
764,KovZpZAJJn6A,0.0,H-E-B Center at Cedar Park
765,KovZ917AxrJ,0.0,The Senate
766,KovZ917ARZZ,0.0,The 720 Room
767,KovZpZA6taIA,0.0,Mohegan Sun Arena
768,KovZ917AxIJ,0.0,The Vogel at Count Basie Center for the Arts
769,KovZpZAEeAIA,0.0,Albertsons Stadium
770,KovZpZAFdaEA,0.0,Shea's Smith Theatre
771,KovZpZAEAEaA,0.0,Flagstar at Westbury Music Fair
772,KovZpaowVe,0.0,Vernon Downs
773,KovZpZAFdlJA,0.0,The Event Center at Turning Stone Resort Casino
774,KovZpZAFdlEA,0.0,Seneca Niagara Resort & Casino Event Center
775,KovZpZAdJanA,0.0,Seneca Niagara Resort & Casino Bears Den
776,rZ7HnEZ173e3A,0.0,Milwaukee Improv (Main Room)
777,rZ7HnEZ17f6bg,0.0,Central Church - Sioux Falls
778,rZ7HnEZ1739fP,0.0,Off The Rails Music Venue
779,rZ7HnEZ173b_g,0.0,Mosaic Church - Clarksville
780,rZ7HnEZ17F0oA,0.0,The Pyramid Scheme
781,rZ7HnEZaePs,0.0,Beachland Tavern
782,KovZpZAaFnJA,0.0,Somerville Theatre
783,KovZ917ALxH,0.0,The Armory at MGM Springfield
784,KovZpapVCe,0.0,Borgata Event Center
785,KovZpaoMOe,0.0,The Wind Creek Event Center 
786,KovZpZA17JlA,0.0,XL Live
787,KovZpZAF6tlA,0.0,Cable Dahmer Arena
788,KovZpa3die,0.0,Stifel Theatre
789,KovZpZAEdalA,0.0,La Crosse Center
790,KovZ917AQTx,0.0,Ho-Chunk Gaming Black River Falls
791,KovZ917AmEr,0.0,Lori's Road House
792,KovZ917Ah9F,0.0,Sound Waves at Hard Rock Hotel & Casino Atlantic City
793,KovZpa9ire,0.0,Music Box at the Borgata
794,KovZ917AI3H,0.0,Mickey's Black Box
795,KovZpZAF7aJA,0.0,Pantages Theatre
796,KovZpakSUe,0.0,Orpheum Theatre
797,KovZpZA1EIEA,0.0,The Southern Cafe & Music Hall
798,KovZpa4tUe,0.0,Lynn Auditorium
799,KovZpZAF6FlA,0.0,Penn's Peak
800,KovZpZAEAlAA,0.0,Andiamo Celebrity Showroom
801,KovZ917ACjf,0.0,Seminole Center
802,KovZpZAEvlAA,0.0,Aventura Arts & Cultural Center
803,KovZpZAEkedA,0.0,The Fillmore Miami Beach at Jackie Gleason Theater
804,KovZpZA7keEA,0.0,Alerus Center
805,KovZpZAJAnIA,0.0,MGM Northfield Park - Center Stage
806,KovZpa3QXe,0.0,Bell Auditorium
807,KovZpZAEkF6A,0.0,Pensacola Bay Center
808,KovZpZAEkFFA,0.0,Mississippi Coast Coliseum
809,KovZpZAF7nEA,0.0,Scheels Arena
810,KovZpa3dCe,0.0,Mayo Clinic Health System Event Center
811,KovZpZA6AJkA,0.0,Peoria Civic Center
812,KovZpZAJEavA,0.0,Aztec Theatre 
813,KovZpaFOBe,0.0,Robinson Center
814,rZ7HnEZ17otAg,0.0,Market Hotel 
815,rZ7HnEZ174yPI,0.0,Solaris Beer & Blending
816,rZ7HnEZ17_ovK,0.0,RallyPoint
817,rZ7HnEZ178MoA,0.0,Addison Improv
818,KovZpZAEAkAA,0.0,Topeka Performing Arts Center
819,KovZpZA1FldA,0.0,Center Theatre at North Shore Center for the Performing Arts
820,KovZpZAEAk1A,0.0,Wilson Theater at Vogel Hall
821,KovZpZAF6FJA,0.0,Tropicana Showroom at Tropicana Atlantic City
822,KovZpZA6AEAA,0.0,Comerica Center
823,KovZpZAEAk6A,0.0,United Wireless Arena
824,KovZpZA771IA,0.0,American Bank Center Arena
825,KovZpZAdEEEA,0.0,Alabama Theatre
826,KovZpa3N8e,0.0,Chandler Center for the Arts
827,KovZ917A5i7,0.0,McAllen Performing Arts Center
828,KovZpZAF67IA,0.0,L'Auberge Casino & Hotel Baton Rouge 
829,KovZpZA1eEJA,0.0,Shreveport Municipal Memorial Auditorium
830,KovZ917AEIY,0.0,Hollywood Casino Gulf Coast
831,KovZpZAJItIA,0.0,Minglewood Hall
832,KovZpZA6tdlA,0.0,Raising Canes River Center Arena
833,KovZpZAJAJAA,0.0,Smoothie King Center
834,KovZpa61pe,0.0,Simmons Bank Arena
835,KovZ917AqfY,0.0,Templelive Fort Smith
836,KovZpZAaI16A,0.0,ArcBest Corporation Performing Arts Center - Fort Smith
837,KovZpa3Ize,0.0,Duling Hall
838,KovZpZAE7IFA,0.0,Morrison Center for the Performing Arts
839,rZ7HnEZ173pog,0.0,Tuffy's Music Box
840,rZ7HnEZ17_apd,0.0,Diamondback Music Hall
841,rZ7HnEZa7S8,0.0,Just the Funny
842,rZ7HnEZ173__A,0.0,Transplants Brewing Company
843,KovZ917AJP8,0.0,Shrine at Foxwoods
844,KovZ917A-Rm,0.0,Rose Music Hall
845,KovZpZAaE7kA,0.0,High Noon Saloon
846,KovZpZAantEA,0.0,The Blue Note
847,KovZpZAF76tA,0.0,State Theatre
848,KovZ917AQBC,0.0,The Sylvee
849,KovZpZAdlIeA,0.0,Events Center 
850,KovZ917AEVr,0.0,Tannahill's Tavern and Music Hall
851,KovZpZAEvntA,0.0,Choctaw Grand Theater
852,KovZpa3VBe,0.0,Abraham Chavez Theatre
853,KovZpZAF7IaA,0.0,Jackpot Junction Casino Hotel
854,KovZpZAJdFFA,0.0,River City Casino & Hotel
855,KovZpZAalItA,0.0,Orpheum Theater
856,KovZpZAF6vlA,0.0,Showroom at Casino Arizona
857,KovZpa61Oe,0.0,Tucson Arena
858,KovZ917AcMO,0.0,Ford Ice Center Bellevue
859,KovZ917AJ17,0.0,Capital One Hall
860,KovZpZAEkJ6A,0.0,Peabody Auditorium
861,KovZpaF5Ge,0.0,Bijou Theatre
862,KovZpZA1EvFA,0.0,Jon M Huntsman Center
863,KovZ917ARMc,0.0,Ice Time Sports Complex
864,KovZpaFhFe,0.0,Ulster Performing Arts Center
865,rZ7HnEZ173kFA,0.0,Showplace Theater
866,rZ7HnEZ17f0AA,0.0,District 142
867,rZ7HnEZ17Fw87,0.0,The Loving Touch
868,rZ7HnEZakpU,0.0,Conduit
869,KovZ917AJfx,0.0,Tally Ho Theater
870,KovZpZAF7t7A,0.0,CH Mayo Presentation Hall at Mayo Civic Center
871,KovZpZAFdE1A,0.0,Akron Civic Theatre
872,KovZpaoy7e,0.0,Coronado Theatre
873,KovZpZAEA7AA,0.0,Republic Bank Performing Arts Center
874,KovZpZAJdEeA,0.0,The Santander Arena 
875,KovZpZAF77nA,0.0,Embassy Theatre
876,KovZpZA1lIdA,0.0,Wright State University Nutter Center
877,KovZpZAEAIEA,0.0,Freedom Mortgage Pavilion 
878,KovZpZA1E6EA,0.0,Paramount Theatre
879,KovZpZAFdIEA,0.0,Indiana University Auditorium
880,KovZ917ARQ0,0.0,Lehman Center for the Performing Arts
881,KovZpZAE676A,0.0,Ritz Theatre
882,KovZ917AiUn,0.0,The Astro Theater
883,KovZpaKu3e,0.0,Hippodrome at France-Merrick Performing Arts Center
884,KovZ917AIVi,0.0,Potbelly's
885,KovZpZAFa6lA,0.0,Rupp Arena
886,KovZpa3PYe,0.0,Linda Ronstadt Music Hall
887,KovZpa3hje,0.0,Bank of America Stadium
888,KovZpZAIdJ1A,0.0,Kupferberg Center for the Arts
889,KovZ917A0We,0.0,RiverPark Center
890,KovZpa3tGe,0.0,The Joy Theater
891,KovZ917ARpX,0.0,Hard Rock Live Bristol
892,KovZpZAEeA7A,0.0,Civic Theatre
893,KovZpaowne,0.0,The Showroom at Turning Stone Resort Casino
894,rZ7HnEZ17FaQ4,0.0,Whisky A Go Go
895,rZ7HnEZ17oIFg,0.0,Mixers Nightclub & Lounge
896,rZ7HnEZadFR,0.0,Grog Shop
897,rZ7HnEZ17Adq0,0.0,Mulcahy's
898,rZ7HnEZ17_pFd,0.0,"Sanctuary (Maynard, MA)"
899,rZ7HnEZ178MpA,0.0,Funk 'n Waffles
900,KovZ917A8g0,0.0,UCLA Health Training Center
901,KovZ917Ah93,0.0,Hard Rock Live at Etess Arena
902,KovZ917A2T0,0.0,The Queen
903,KovZpZAan6JA,0.0,NOW Arena
904,KovZpZAEAI1A,0.0,Caesars Atlantic City
905,KovZ917AJlp,0.0,Hard Rock Live Northern Indiana
906,KovZpZAaatFA,0.0,Bridge View Center
907,KovZpZAJvnAA,0.0,James L Knight Center
908,KovZpZAt6e7A,0.0,Delmar Hall
909,KovZpZAEAAlA,0.0,Ford Center
910,KovZpZAEAkJA,0.0,Effingham Performance Center
911,KovZpZAE6kFA,0.0,Lila Cockrell Theatre
912,KovZpZAEkF7A,0.0,Lake Charles Event Ctr Rosa Hart Theatre
913,KovZpZA6tadA,0.0,UNO Lakefront Arena
914,KovZ917A2lf,0.0,City Hall Live
915,KovZpZAdEtdA,0.0,Cadence Bank Arena
916,KovZpZAF6etA,0.0,The Orpheum Theatre Memphis
917,KovZpZA1lldA,0.0,The Wilma
918,KovZpZAJEvEA,0.0,Five Flags Center
919,KovZpZAE7eeA,0.0,T-Mobile Center
920,KovZpZAaltvA,0.0,Majestic Theatre
921,KovZpa2DJe,0.0,Enterprise Center
922,KovZpZAJvFkA,0.0,Rio Rancho Events Center
923,rZ7HnEZ178EP4,0.0,Oxnard Levity Live
924,rZ7HnEZ17_zAS,0.0,Union Boil
925,KovZpa9iHe,0.0,Golden Nugget
926,KovZpaoTHe,0.0,Mystic Lake Casino Hotel
927,KovZpZAannAA,0.0,recordBar
928,KovZpZAJ67kA,0.0,Veterans Memorial Coliseum
929,KovZpZAEkeIA,0.0,House of Blues Myrtle Beach
930,KovZpaFEre,0.0,The Fillmore Charlotte
931,KovZpZAdI16A,0.0,Beau Rivage Theatre
932,rZ7HnEZ17F_37,0.0,The Southgate House Revival - Revival Room
933,rZ7HnEZ174auI,0.0,The Stand Up Comedy Club
934,KovZpa4yfe,0.0,Arts at the Armory
935,KovZ917ANgr,0.0,Yucaipa Performing Arts Center Indoor Theatre
936,KovZ917ALJx,0.0,Fillmore New Orleans
937,rZ7HnEZ17q4C7,0.0,Denfeld Auditorium
938,rZ7HnEZ17aM4f,0.0,Howard Theatre
939,rZ7HnEZ17aP4f,0.0,The Agora Theatre 
940,rZ7HnEZ17fAAg,0.0,Faith Church - St. Louis
941,KovZpZAEAn6A,0.0,Adler Theatre
942,KovZpZAF7E1A,0.0,GEHA Field at Arrowhead Stadium
943,KovZpZAJ6lvA,0.0,Ace of Spades
944,KovZ917AtFi,0.0,The Venue at Thunder Valley Casino Resort
945,rZ7HnEZa7Om,0.0,Off Broadway
946,rZ7HnEZ178YFP,0.0,Blue Note Napa
947,KovZpZAFkIlA,0.0,Paramount Theatre-Oakland
948,rZ7HnEZ178NFg,0.0,Temblor Brewing Company
949,rZ7HnEZ17f6Zg,0.0,Santos Bar
950,KovZpa6MXe,0.0,Moda Center
951,KovZ917AR1r,0.0,Calvary Community Church Westlake
952,rZ7HnEZ17o0bg,0.0,Moe's Alley
953,KovZpZAJaJAA,0.0,South Shore Room at Harrah's Lake Tahoe
954,rZ7HnEZaeUG,0.0,WOW Hall
955,KovZpZAEkn6A,0.0,Kia Forum
956,KovZ917Acdw,0.0,Chase Fieldhouse
957,KovZpa9pJe,0.0,WakeMed Soccer Park
958,rZ7HnEZ17us8A,0.0,Tip Top Deluxe Bar & Grill
959,KovZ917AIzF,0.0,Mountain America Center
960,rZ7HnEZ17_0PK,0.0,Libertine Brewing Company
961,KovZpZAFktdA,0.0,Uptown Theatre Napa
962,KovZpZAEdJ6A,0.0,"Wilson Center, CFCC"
963,KovZ917A_-7,0.0,Chesapeake Employers Insurance Arena
964,KovZ917Acob,0.0,Pasquerilla Performing Arts Center
965,KovZpakwYe,0.0,JMA Wireless Dome 
966,rZ7HnEZ17fJkA,0.0,The Song & Dance
967,rZ7HnEZ17q4o0,0.0,Living Word International Christian Church
968,KovZpZA6kvtA,0.0,SNHU Arena
969,KovZpZAFFn6A,0.0,Donald L. Tucker Civic Center
970,KovZpaoDme,0.0,E.J. Thomas Hall - The University of Akron
971,KovZpZAFkFtA,0.0,Lexington Opera House
972,KovZ917AOlF,0.0,TempleLive Wichita
973,KovZpZAdnI6A,0.0,Liberty Hall
974,KovZpZAJk7eA,0.0,Marquee Theatre
975,KovZpZAJvIaA,0.0,Victory Theatre
976,KovZpZAFdlAA,0.0,Westchester County Center
977,KovZ917AI9Z,0.0,Elks Lodge
978,KovZpa3b1e,0.0,Marshall Health Network Arena (formerly Mountain Health Arena)
979,rZ7HnEZ17fEAP,0.0,The Premier
980,KovZpZAEAdFA,0.0,Carnesecca Arena
981,KovZpZA1JJ7A,0.0,Knoxville Civic Auditorium
982,KovZ917AOlY,0.0,CURE Insurance Arena
983,rZ7HnEZaAjt,0.0,The Crofoot Ballroom
984,rZ7HnEZ17pvuI,0.0,Gateway Church 
985,KovZ917AxCG,0.0,Oshkosh Arena
986,rZ7HnEZ17otFA,0.0,Manchester Music Hall
987,KovZpZAFAlaA,0.0,Macon Coliseum
988,rZ7HnEZ17kbqf,0.0,The Brass Mug
989,KovZ917AtJb,0.0,Empire Live
990,KovZ917Ai2B,0.0,Evangel University's Spence Chapel
991,KovZpa3PFe,0.0,ASU Kerr
992,rZ7HnEZ17ANuP,0.0,The Bug Jar
993,KovZ917A2Q7,0.0,The Pavilion at Toyota Music Factory
994,KovZ917ACmV,0.0,Idaho Central Arena
995,rZ7HnEZ17f7Zg,0.0,FITZGERALDS SIDEBAR
996,KovZpZA6t7AA,0.0,Adventist Health Arena
997,rZ7HnEZ17a-4f,0.0,Strummer's
998,KovZpa34pe,0.0,Toyota Center Kennewick
999,rZ7HnEZ178E04,0.0,San Jose Improv
1000,KovZpZAEd1IA,0.0,"Fred Kavli Theatre- B of A Performing Arts Center,Thousand Oaks"
1001,KovZpZAdtaEA,0.0,Dolby Theatre
1002,KovZpZAE67aA,0.0,Silver Spurs Arena At OHP
1003,KovZpZAEAdJA,0.0,Bergen Performing Arts Center
1004,rZ7HnEZa7P7,0.0,Small's
1005,rZ7HnEZ17bA4I,0.0,Deep Cuts
1006,KovZpZAdE6dA,0.0,GIANT Center
1007,KovZ917AEXH,0.0,The Asylum at Masonic Temple
1008,KovZpZA6A1nA,0.0,Covelli Centre
1009,KovZpa397e,0.0,Joan C Edwards Performing Arts Center
1010,KovZ917Am6B,0.0,Owens Auditorium at Bradshaw Performing Arts Center 
1011,KovZpZA77lkA,0.0,Blue Ocean Music Hall
1012,KovZpZAJ6akA,0.0,Cross Insurance Arena 
1013,rZ7HnEZ17o--g,0.0,The Vanguard
1014,rZ7HnEZ17qfPV,0.0,Agoro's
1015,rZ7HnEZ17bpuI,0.0,Lincoln Berean Church 
1016,rZ7HnEZ17_tuS,0.0,The Grainery 
1017,rZ7HnEZ17fo44,0.0,The Ritz Theater Scranton
1018,rZ7HnEZ17fpag,0.0,Cedar Valley Church - Bloomington
1019,rZ7HnEZ177e34,0.0,Blind Pig
1020,rZ7HnEZ174gpF,0.0,Warren's Backyard
1021,KovZpZAFAJJA,0.0,Genesee Theatre
1022,KovZpZAJaFkA,0.0,Levi's® Stadium
1023,KovZ917AxyZ,0.0,Stubb's Indoors
1024,KovZpa4gke,0.0,Avalon Theatre
1025,KovZpZA1eJ1A,0.0,The Rock
1026,KovZpZAFFEeA,0.0,Legends Casino Event Center
1027,KovZ917Ah8z,0.0,Ilani Cowlitz Ballroom
1028,KovZpZAF6tnA,0.0,Mid-America Center
1029,KovZpa3ife,0.0,LECOM Event Center
1030,rZ7HnEZ178EZA,0.0,Gold Sounds
1031,rZ7HnEZ1740qI,0.0,South Hills Assembly of God
1032,KovZpZAFdJAA,0.0,Scranton Cultural Center
1033,KovZ917AtLX,0.0,Uptown Theater Minneapolis
1034,KovZpZAdJIeA,0.0,The Pasadena Civic
1035,KovZpZAIEdlA,0.0,Soldiers and Sailors Memorial Auditorium
1036,KovZpZAEAA6A,0.0,Emens Auditorium
1037,KovZpZAEke1A,0.0,Gas South Theater
1038,KovZpaKBje,0.0,Meyerhoff Symphony Hall
1039,KovZpZAa1vnA,0.0,Harrah's Cherokee Resort Event Center
1040,KovZpa3Hze,0.0,Mohegan Sun Cabaret
1041,KovZpZA1nFeA,0.0,Saenger Theater Hattiesburg
1042,KovZpZAJeveA,0.0,Swyer Theatre at The Egg
1043,rZ7HnEZaeHB,0.0,Emerald Theatre
1044,rZ7HnEZ17fbZ4,0.0,Elmbrook Church
1045,rZ7HnEZ173AkA,0.0,HMAC - Capitol Room
1046,KovZpZAEA7dA,0.0,Resorts Atlantic City
1047,KovZpZAE7eaA,0.0,Grossinger Motors Arena
1048,KovZpZAdJ7JA,0.0,Flagstar Strand Theatre for the Performing Arts
1049,KovZpZAF7tvA,0.0,DECC Symphony Hall
1050,KovZ917AJle,0.0,District Live
1051,KovZpZAaatlA,0.0,The Sanford Center
1052,KovZpZAF6aJA,0.0,Ralph Engelstad Arena
1053,KovZ917Amcz,0.0,Westwego Perf Arts Theatre
1054,KovZpapY1e,0.0,Colonial Downs
1055,KovZpZAJaFeA,0.0,Desert Diamond Arena
1056,KovZpaK6Ge,0.0,IP Casino Resort and Spa
1057,KovZ917AJKY,0.0,Ed Robson Arena
1058,rZ7HnEZaAQ7,0.0,Madison Theater (730)
1059,rZ7HnEZ178sug,0.0,Joe's Live Rosemont
1060,KovZ917AcRx,0.0,The ELM
1061,KovZ917ARWt,0.0,Roger Glass Center for the Arts
1062,KovZpa3nje,0.0,Fresno Convention Center
1063,rZ7HnEZ17fOF4,0.0,Eagle's Landing First Baptist Church
1064,KovZpZAF7IAA,0.0,Roy Wilkins Auditorium at St. Paul RiverCentre
1065,KovZpaFr0e,0.0,Tyson Events Center
1066,KovZpaF0Oe,0.0,Bardavon 1869 Opera House
1067,KovZpaogZe,0.0,Harrison Opera House
1068,KovZ917AEg8,0.0,The Riviera Theater
1069,KovZpaFGBe,0.0,Tilles Center - Krasnoff Theater
1070,rZ7HnEZ17oEO4,0.0,The Gin Mill and Grille
1071,rZ7HnEZ17qp77,0.0,Centennial Hall - Augustana College
1072,KovZ917AO1w,0.0,Aria Ballroom at MGM Springfield
1073,KovZpZAFdEkA,0.0,BMO Center
1074,KovZpZAEA7FA,0.0,Harrah's Resort Atlantic City
1075,KovZpZAEktnA,0.0,Treasure Island Resort & Casino
1076,KovZpZAJdFtA,0.0,Park City Arena
1077,rZ7HnEZ17oFZP,0.0,Mesa Amphitheatre
1078,KovZ917A-n8,0.0,Jefferson Perf Arts Center
1079,KovZpZAE616A,0.0,Halloran Centre at the Orpheum Theatre Memphis
1080,KovZ917AcV7,0.0,Crown Uptown Theatre
1081,KovZ917ACz7,0.0,Aura
1082,KovZ917ARXp,0.0,Peoria Civic Center Theater
1083,KovZpZAJ6enA,0.0,Kalamazoo State Theatre
1084,KovZ917ANSJ,0.0,Q Casino Q Showroom
1085,KovZ917A5hf,0.0,Avondale Brewing Co.
1086,rZ7HnEZ17uIp4,0.0,Club LA
1087,KovZpZA1tlaA,0.0,Theatre On the Square
1088,KovZpa971e,0.0,Alex Theatre
1089,rZ7HnEZ17o8vP,0.0,Paper Tiger
1090,KovZpapFfe,0.0,New Bern Riverfront Convention Center
1091,rZ7HnEZ171FA7,0.0,Daryl's House
1092,KovZpZAEAlEA,0.0,Neal S Blaisdell Arena
1093,KovZpZAE7dFA,0.0,"Scherr Forum- B of A Performing Arts Center, Thousand Oaks"
1094,KovZpa3h3e,0.0,Macon City Auditorium
1095,KovZ917ARXn,0.0,First Horizon Coliseum
1096,KovZ917AhZI,0.0,KAISER PERMANENTE ARENA
1097,KovZpZAaFEtA,0.0,The Oncenter Crouse Hinds Theater
1098,rZ7HnEZ17_SGd,0.0,M&T Bank Exchange Baltimore
1099,rZ7HnEZ17q4uV,0.0,Camdenton High School
1100,KovZpZAF76IA,0.0,Fargodome
1101,KovZ917AJEj,0.0,Muckleshoot Casino Events Center
1102,KovZpa3gie,0.0,The Plaza Theatre Performing Arts Center
1103,KovZpZA1eAlA,0.0,Talking Stick Resort
1104,KovZpZAaE7dA,0.0,Barrymore Theatre
1105,rZ7HnEZ17oMv4,0.0,Lowbrow Palace
1106,KovZpZAJa77A,0.0,Ameristar Casino and Hotel
1107,rZ7HnEZ17fakA,0.0,Cypress
1108,KovZpZAFAnaA,0.0,Jannus Live
1109,rZ7HnEZ17fe_A,0.0,Westover Church
1110,KovZpa3EHe,0.0,Cannon Center for the Performing Arts
1111,KovZpZA1l17A,0.0,Don Haskins Center
1112,KovZpZAE7aIA,0.0,Addition Financial Arena
1113,rZ7HnEZ17pv4I,0.0,New World Music Hall
1114,rZ7HnEZ17f0qg,0.0,The Signal - Concert Hall
1115,KovZpa3dbe,0.0,RYAN CENTER/DJ SOKOL ARENA
1116,KovZpZA6takA,0.0,Mississippi Coliseum
1117,KovZpZAJeldA,0.0,San Jose Center for the Performing Arts
1118,rZ7HnEZa6_9,0.0,Will's Pub
1119,KovZpa4eZe,0.0,Hulman Center
1120,KovZpa39ie,0.0,Taft Theatre
1121,KovZpZAFAnnA,0.0,Charlotte Harbor Event & Conference Center
1122,KovZ917At_0,0.0,Steelhouse Omaha
1123,KovZ917Axan,0.0,Garcia's at The Capitol Theatre
1124,rZ7HnEZ17_akK,0.0,Cottage Hill Baptist Church
1125,rZ7HnEZa7bu,0.0,Mr Smalls Theatre
1126,KovZpZAFkJEA,0.0,Baton Rouge River Center Theater
1127,KovZ917ACh0,0.0,SoFi Stadium
1128,rZ7HnEZ17fd1A,0.0,Vultures
1129,KovZpa2XQe,0.0,Greensboro Complex
1130,KovZpZA6tdnA,0.0,Caesars Superdome 
1131,rZ7HnEZ17oFA4,0.0,Amsterdam Bar & Hall
1132,rZ7HnEZ17qo17,0.0,Calvary
1133,KovZpZAEvt6A,0.0,The Champ
1134,KovZpZAF6IAA,0.0,John Paul Jones Arena
1135,KovZ917AtkG,0.0,Charleston Theater
1136,KovZ917ARFY,0.0,Hard Rock Live Rockford
1137,KovZ917AioH,0.0,Fort Smith Convention Ctr.
1138,KovZpZAkEFlA,0.0,Toyota Arena
1139,KovZpZAJFAkA,0.0,Camping World Stadium
1140,KovZ917AIhx,0.0,Palmetto Pointe Church
1141,KovZpa4R1e,0.0,USF Theatre 1
1142,KovZ917AJSr,0.0,Hard Rock Cincinnati Ballroom
1143,rZ7HnEZ17oAa4,0.0,Anthology
1144,rZ7HnEZ17fk44,0.0,The Piazza
1145,KovZ917ARpO,0.0,Stride Bank Center Grand Ball Room
1146,rZ7HnEZ174o4z,0.0,The 44 Sports Grill and Nightlife
1147,KovZ917AJPk,0.0,Memoire
1148,KovZpZA1vvlA,0.0,Pechanga Resort Casino
1149,KovZ917AO2H,0.0,CoolToday Park
1150,KovZ917APhp,0.0,Madison Center for the Arts
1151,rZ7HnEZaAjn,0.0,Pike Room @ The Crofoot
1152,rZ7HnEZ17f0OA,0.0,Treelawn Social Club
1153,KovZ917AxGf,0.0,VBC Mars Music Hall
1154,KovZpZAJnIIA,0.0,American Bank Center Selena Auditorium
1155,KovZpZAJJtIA,0.0,Payne Arena
1156,KovZ917ANAV,0.0,Spotlight at The Paramount
1157,rZ7HnEZ17_ofd,0.0,Green Room MPLS
1158,KovZpZAFk1lA,0.0,Catalina Foothills High School
1159,KovZpZAEe7lA,0.0,The Edge Pavilion
1160,KovZ917AOGV,0.0,Gila River Resorts & Casinos - Vee Quiva
1161,KovZpZAAknFA,0.0,Gila River Resorts & Casinos - Wild Horse Pass
1162,KovZpa3n3e,0.0,William Saroyan Theatre Fresno Convention & Entertainment Center
1163,rZ7HnEZ178Uu4,0.0,The Porch at The Howlin Wolf
1164,rZ7HnEZ17_KOS,0.0,Thirsty Horse Saloon
1165,KovZpZAFAtlA,0.0,Inn of the Mountain Gods Resort and Casino
1166,KovZpa3pFe,0.0,Tulalip Resort Casino
1167,KovZ917Amc8,0.0,The Sound Amphitheater
1168,KovZpa3awe,0.0,Lambeau Field
1169,KovZpZAFa6nA,0.0,Acrisure Stadium
1170,KovZpZAId1lA,0.0,Santa Anita Park
1171,KovZ917ARhe,0.0,Stage Red
1172,KovZpZAJanlA,0.0,Fiesta Showroom at Harrah's Laughlin
1173,KovZpZAIEllA,0.0,Novant Health Fieldhouse at the Greensboro Complex
1174,KovZpZA1eJnA,0.0,Simmons Bank Liberty Stadium
1175,rZ7HnEZ17FgfV,0.0,The Token Lounge
1176,KovZpZA7dEdA,0.0,Freeman Coliseum
1177,KovZpZAdlenA,0.0,Ritz Theatre
1178,rZ7HnEZ17fK4P,0.0,Hop Springs
1179,rZ7HnEZ173d74,0.0,Sellersville Theater
1180,KovZpa3eje,0.0,Empire Arts Center
1181,KovZpZAa6eEA,0.0,Stage 271
1182,KovZ917AQC0,0.0,Armory
1183,KovZpZA1eJ7A,0.0,The Reno Ballroom
1184,rZ7HnEZ173_-4,0.0,The Big Dirty
1185,rZ7HnEZ17f6_P,0.0,Time Nightclub
1186,KovZpZAEkIEA,0.0,Alamodome
1187,KovZpZAFAlIA,0.0,Florence Center
1188,KovZpZAateFA,0.0,Harlow's Casino Resort
1189,rZ7HnEZ174oPz,0.0,The Showroom at Wheeling Island
1190,KovZpZAJdEIA,0.0,Pinnacle Bank Arena
1191,KovZpZA7kn1A,0.0,Will Rogers Auditorium
1192,KovZ917AJpQ,0.0,Encore
1193,rZ7HnEZ17_FPS,0.0,Winters
1194,rZ7HnEZ17o4Q4,0.0,Stereo Garden
1195,KovZpZAEAlvA,0.0,The Venue at Horseshoe Casino
1196,KovZpZAdtaIA,0.0,Choctaw Pocola CenterStage
1197,KovZpZAaI1lA,0.0,Independence Stadium
1198,KovZpZA1e7EA,0.0,Star Of The Desert Arena at Primm Valley Resorts
1199,rZ7HnEZ17f7Z4,0.0,FITZGERALDS NIGHTCLUB
1200,KovZpZAJ711A,0.0,The Event at Graton Resort & Casino
1201,KovZpa4Wxe,0.0,Club Madrid at Sunset Station Hotel & Casino
1202,KovZ917AOKU,0.0,Nugget Casino Resort 
1203,KovZ917AxPr,0.0,Viejas Casino & Resort - Ballroom
1204,rZ7HnEZaeWy,0.0,Avalon Hollywood
1205,KovZ917AhQm,0.0,Resorts World Catskills
1206,KovZpZAFdEJA,0.0,Huntington Bank Field
1207,KovZpZAIEdFA,0.0,Route 66 Casino
1208,KovZpZA7AvlA,0.0,Niagara University Dwyer Arena
1209,KovZpZAEkJAA,0.0,Jacksonville Center for the Performing Arts - Terry Theater
1210,KovZ917AJdp,0.0,The Brooklyn Arts Center
1211,KovZpa4wBe,0.0,The Corbin Arena
1212,KovZpZAtAaeA,0.0,Top Hat
1213,KovZpZA1E7FA,0.0,Portland Expo
1214,KovZpZAFnl1A,0.0,Raymond James Stadium
1215,KovZpZA1l1dA,0.0,Sun Bowl Stadium
1216,rZ7HnEZ17G0OA,0.0,The Foundry
1217,rZ7HnEZa1D3,0.0,Hyatt Regency Princeton
1218,KovZpa3Jie,0.0,Monroe Civic Center
1219,rZ7HnEZ17_SFS,0.0,Williams Center - Black Box - Rutherford
1220,KovZpaoT1e,0.0,Stormont Vail Events Center
1221,KovZpZAaatJA,0.0,VooDoo at Harrah's Kansas City
1222,KovZpZAFFldA,0.0,Titanic: The Artifact Exhibition at Luxor Hotel and Casino
1223,KovZpa3TUe,0.0,Bodies:  The Exhibition at Luxor Hotel and Casino
1224,KovZpa3dxe,0.0,AMSOIL Arena
1225,KovZpZAEkJ7A,0.0,EverBank Stadium 
1226,KovZ917At20,0.0,F&M Bank Arena
1227,KovZpZAJdIJA,0.0,Long Beach Arena- Long Beach Convention and Entertainment Center
1228,KovZ917ALzp,0.0,Clearview Arena
1229,KovZ917Ac_n,0.0,Tony's Pizza Events Center 
1230,KovZpZAE6eAA,0.0,Northwell at Jones Beach Theater
1231,rZ7HnEZ1734eA,0.0,Alchemy
1232,KovZpZA7dkIA,0.0,Angel Stadium of Anaheim
1233,KovZ917AJIx,0.0,"John, James and Clara Knight Stage"
1234,KovZpa4l0e,0.0,West Plains Civic Center
1235,KovZpZA1ddtA,0.0,L'Auberge Casino Resort - Lake Charles
1236,KovZpapObe,0.0,Showroom at Talking Stick Resort
1237,KovZpZAEknFA,0.0,Harrah's Resort SoCal - The Events Center
1238,KovZpZAEAIIA,0.0,PNC Bank Arts Center
1239,KovZ917ACzf,0.0,Buffalo RiverWorks
1240,KovZpZAJe6nA,0.0,Oakland Arena
1241,KovZpZA7AkIA,0.0,Julie Rogers Theatre
1242,KovZ917Am2k,0.0,SoFi Center 
1243,KovZpZAdEaIA,0.0,Meadow Brook Theatre
1244,KovZpZAdEEnA,0.0,Ocean Center
1245,KovZ917AcTr,0.0,FORT BEND EPICENTER
1246,KovZpZAFkJtA,0.0,F.G. Clark Activity Center - Southern University
1247,KovZpZAEkvtA,0.0,Hard Rock Stadium
1248,KovZpaKk0e,0.0,The Parish At House of Blues New Orleans
1249,KovZpZA6kvIA,0.0,Hampton Coliseum
1250,KovZpZAa66lA,0.0,Pegula Ice Arena
1251,KovZpZAAnleA,0.0,Cohoes Music Hall
1252,rZ7HnEZ17_sPS,0.0,DECC Symphony Hall
1253,KovZpZAEF7vA,0.0,Rec Hall
1254,KovZpZAJEvaA,0.0,Alliant Energy PowerHouse
1255,KovZpa4WCe,0.0,Reno-Sparks Livestock Events Center
1256,rZ7HnEZ17ftP4,0.0,Brentwood Emporium
1257,KovZpa9SGe,0.0,Crest Theatre
1258,rZ7HnEZ178s3A,0.0,The District
1259,rZ7HnEZ17F-O7,0.0,Knitting Factory - Spokane
1260,KovZ917A5ff,0.0,RYSE Nightclub
1261,KovZpZAEkaFA,0.0,Garrett Coliseum
1262,rZ7HnEZ17a07V,0.0,West End Trading Company
1263,rZ7HnEZ17FtjV,0.0,Pop's Concert Venue
1264,rZ7HnEZ17qfCf,0.0,Strand Theatre
1265,KovZpZAEe7IA,0.0,Bally's Lake Tahoe
1266,KovZ917AESi,0.0,Hard Rock Live Sacramento
1267,rZ7HnEZ17_auS,0.0,Full Circle Brewing
1268,KovZpZAEFIdA,0.0,Historic BAL Theatre
1269,KovZpZAaaaEA,0.0,Morongo Casino Resort and Spa
1270,rZ7HnEZ17o6F4,0.0,Buffalo Riverworks
1271,KovZpZAaaEEA,0.0,American Theatre
1272,KovZpZAFFnAA,0.0,Osceola County Stadium at Osceola Heritage Park
1273,KovZpZAF7EFA,0.0,St Joseph Civic Arena
1274,KovZpZAEAkaA,0.0,Uihlein Hall Marcus Center
1275,KovZpapnie,0.0,Moore Gymnasium Bethune - Cookman University
1276,KovZpa4NYe,0.0,Hart Theatre at the Egg
1277,rZ7HnEZ173pqg,0.0,Tally Ho Theater
1278,KovZpZAEAttA,0.0,Ball State University Pruis Hall
1279,KovZ917ARye,0.0,First Baptist Church Texarkana
1280,KovZpZAa17EA,0.0,California Theatre
1281,KovZpa4Wbe,0.0,Silver Legacy Casino Reno
1282,KovZpa3qIe,0.0,Emerald Queen Casino
1283,KovZ917AY7J,0.0,Mediapro US
1284,KovZpZAEkFAA,0.0,Lafayette Cajundome
1285,rZ7HnEZ17fbv4,0.0,Green Acres Baptist Church
1286,KovZpZA6taaA,0.0,Hard Rock Live
1287,KovZpZAdt1AA,0.0,Margaritaville Resort Casino
1288,rZ7HnEZ178Uv4,0.0,The Forge
1289,KovZ917AOMH,0.0,Paducah – McCracken County Convention & Expo Center
1290,KovZpZAEeAtA,0.0,The Egyptian Theatre
1291,KovZ917AiHY,0.0,The Underground
1292,KovZpa3zGe,0.0,Tacoma Dome
1293,KovZ917AJvZ,0.0,Knitting Factory - Spokane
1294,KovZpZAallJA,0.0,Spotlight 29 Casino
1295,KovZ917AREi,0.0,Cerritos Center for the Performing Arts
1296,rZ7HnEZ178Oj4,0.0,Lost on Main
1297,KovZpZA1IIdA,0.0,Stock Show Parade Route
1298,rZ7HnEZ178gb4,0.0,Sonia
1299,KovZ917AJG8,0.0,Harrisburg Midtown Arts Center (HMAC) Stage on Herr
1300,KovZpZAEeIJA,0.0,Lawrenceburg Event Center
1301,KovZpZA1Jv1A,0.0,Troy Savings Bank Music Hall
1302,rZ7HnEZ17_bvS,0.0, North Monroe Baptist Church
1303,KovZ917AIDk,0.0,Milford Theater
1304,KovZpZAF7nJA,0.0,Black River Coliseum
1305,KovZ917AmLX,0.0,The Entertainment Center at Rapides Parish Coliseum
1306,KovZpZAJdIvA,0.0,Ameristar Casino Resort Spa St. Charles
1307,rZ7HnEZ17kb4f,0.0,Impact Fuel Room
1308,KovZpZAJed6A,0.0,Beverly O'Neill Theater - Long Beach Conv and Entertainment Ctr
1309,KovZ917ALUH,0.0,Suquamish Clearwater Beach Rock Music & Sports Lounge
1310,rZ7HnEZ17otjg,0.0,La Santa
1311,KovZpZAFkFIA,0.0,Lyell B Clay Concert Theatre
1312,KovZpZA6AaJA,0.0,Boardwalk Hall
1313,KovZ917AiJz,0.0,Vibrant Music Hall
1314,rZ7HnEZa3u_,0.0,La Boom
1315,KovZ917AOff,0.0,Tuscaloosa Government Plaza
1316,KovZ917Amr0,0.0,Rialto 
1317,rZ7HnEZa7xu,0.0,Senator Theatre
1318,KovZ917A3s7,0.0,Lifetime Activities Center
1319,KovZpZAdEEJA,0.0,Tuscany at Mohegan Sun
1320,rZ7HnEZ17pbPI,0.0,The Abbey
1321,KovZpZAE6eFA,0.0,Dome at Toyota Oakdale Theatre
1322,KovZ917Accn,0.0,Aquai at Mohegan Sun
1323,KovZpZAaaJkA,0.0,The Stage At Coco Outdoors
1324,KovZ917AxCO,0.0,Fillmore Minneapolis presented by Affinity Plus
1325,KovZ917AEn1,0.0,San Antonio Stock Show & Rodeo on the Salado
1326,KovZpZA7kltA,0.0,Prime Osborn Convention Center
1327,KovZ917AhlJ,0.0,Mohegan Sun Earth Ballroom
1328,rZ7HnEZ17o7OA,0.0,Gramps Wynwood
1329,KovZ917A_-f,0.0,Mohegan Sun Earth Expo & Convention Center
1330,KovZpa6W3e,0.0,The Oncenter Carrier Theater
1331,rZ7HnEZ17qFOf,0.0,Regattabar
1332,KovZ917AxAJ,0.0,novelle at Mohegan Sun
1333,KovZ917Acd1,0.0,Sun Patio at Mohegan Sun
1334,KovZ917ARMM,0.0,Ford Ice Center Clarksville
1335,KovZpZA1IktA,0.0,Ralph Engelstad Arena Thief River Falls
1336,KovZ917Atd7,0.0,The Exhibition Hall at French Lick Resort
1337,KovZpZA1AJ6A,0.0,Will Rogers Coliseum
1338,KovZpZAdE6FA,0.0,Loeb Playhouse
1339,KovZ917At8p,0.0,Mohegan Sun Clay Pipe
1340,rZ7HnEZ17F-qV,0.0,Knitting Factory - Boise
1341,rZ7HnEZ178J_A,0.0,JaM Cellars Ballroom
1342,rZ7HnEZ178I34,0.0,SLO Brew Rock
1343,KovZpa35ne,0.0,Forest Hills Fine Arts Center
1344,KovZpZA1aAtA,0.0,Gulfstream Park Racing and Casino
1345,KovZpa3Hme,0.0,Mohegan Sun Uncas Ballroom
1346,rZ7HnEZ17a3qf,0.0,Gaslamp Long Beach
1347,KovZ917AtGJ,0.0,Seminole Center Outdoors
1348,KovZ917AIPC,0.0,Ford Wyoming Center
1349,KovZpZAJvnvA,0.0,Terrace Theater - Long Beach Convention and Entertainment Center
1350,KovZpZAJk7vA,0.0,Cannery Hotel and Casino
1351,rZ7HnEZ17a_FA,0.0,The Den at Howlin' Wolf
1352,KovZpZAEA66A,0.0,Rose Bowl
1353,KovZpZAJdJlA,0.0,Westbrook Performing Arts Center
1354,rZ7HnEZ17FzP0,0.0,Respectable Street
1355,rZ7HnEZ17oO1A,0.0,The Ritz
1356,rZ7HnEZ174bvb,0.0,Silver Moon Brewing
1357,rZ7HnEZ178Eq4,0.0,The Mill & Mine
1358,KovZpZAF6nvA,0.0,Coliseum at Alliant Energy Center
1359,KovZpaK6ne,0.0,Selland Arena at Fresno Convention & Entertainment Center
1360,KovZpZAt7E1A,0.0,Encore at Uptown Theater
1361,KovZpZAFAEkA,0.0,Royce Auditorium at St. Cecilia Music Center
1362,KovZpa3O3e,0.0,Broadbent Arena
1363,KovZ917A2hf,0.0,Crossroads Arena
1364,KovZpZAE7v6A,0.0,Bally's Event Center
1365,KovZpZAJE7kA,0.0,Sames Auto Arena
1366,KovZpZAFFn7A,0.0,Albany Civic Center
1367,KovZpZAE6kIA,0.0,Scoot Inn
1368,rZ7HnEZ17peAI,0.0,"The Paramount - Huntington, NY"
1369,KovZpZAE6vEA,0.0,Lake Charles Event Center
1370,KovZpZA1lAJA,0.0,UTEP Magoffin Auditorium
1371,KovZpZAAknIA,0.0,Harrah's Ak-Chin Casino
1372,KovZpZAFAtEA,0.0,El Paso County Coliseum
1373,KovZ917AEu8,0.0,The Ground at Club Space
1374,rZ7HnEZ173b3A,0.0,Yucca North
1375,rZ7HnEZa7x8,0.0,Domino Room
1376,KovZpZAJ7J1A,0.0,Cox Business Convention Center Legacy Hall
1377,KovZ917AI91,0.0,Knoxville Museum of Art
1378,KovZpZA1eEIA,0.0,Rapides Coliseum
1379,KovZ917AYF6,0.0,NOLA ENM Convention Ctr - NFL
1380,KovZ917AJgX,0.0,University at Buffalo - Slee Hall - Lippes Concert Hall
1381,KovZpZAF77tA,0.0,Elliott Hall of Music
1382,KovZpZAaaJFA,0.0,Delray Beach Tennis Center
1383,KovZpZAJAF1A,0.0,Lawrence Joel Veterans Memorial Coliseum
1384,KovZpZAJJI6A,0.0,Ford Park
1385,rZ7HnEZa74b,0.0,The Funhouse @ Mr Smalls
1386,KovZpZAF7IeA,0.0,Fisher Theater
1387,KovZpZAJd6IA,0.0,Ovation Hall at Ocean Casino Resort 
1388,KovZpZAalkeA,0.0,The Gaslight Theater
1389,KovZpZAIIveA,0.0,Findlay Toyota Center
1390,KovZpZAEkAdA,0.0,Watsco Center at the University of Miami
1391,rZ7HnEZa7CT,0.0,Middle East - Downstairs
1392,KovZpZAJF7eA,0.0,Tucson Symphony Center
1393,rZ7HnEZ17AOqP,0.0,Soho Restaurant & Music Club
1394,KovZpZA1keEA,0.0,Wow Hall
1395,KovZpZAF7I7A,0.0,Chester Fritz Performing Arts Center
1396,KovZpZA1vJ6A,0.0,Orpheum
1397,KovZpZAFFnaA,0.0,The St. Augustine Amphitheatre
1398,KovZpZAF7nvA,0.0,Madrid Theatre
1399,KovZpZA6tdEA,0.0,Freedom Hall
1400,KovZpZAF7dIA,0.0,Canton Civic Center
1401,KovZpZAEAIeA,0.0,Augusta Civic Center
1402,rZ7HnEZ17Fouf,0.0,The Redmoor
1403,rZ7HnEZ178V0A,0.0,9th St. Parallel at Knitting Factory
1404,rZ7HnEZ173KZ4,0.0,Grand Rapids First
1405,KovZpa4HJe,0.0,Morgan State University - Murphy Fine Arts Center 
1406,KovZpaoXbe,0.0,Municipal Auditorium
1407,rZ7HnEZ17qf8f,0.0,The Mercury Music Lounge
1408,rZ7HnEZ17fe_P,0.0,Grace Church
1409,KovZpa3PJe,0.0,TCC Leo Rich Theatre - Tucson
1410,KovZpa3vee,0.0,Sioux Falls Convention Center
1411,KovZpZAEka1A,0.0,Von Braun Center South Hall
1412,KovZpZAJeekA,0.0,Jesse Auditorium
1413,KovZpZAJvEIA,0.0,The Space at Westbury Theater
1414,rZ7HnEZ17_gZN,0.0,Rancho El Paraiso
1415,rZ7HnEZ17f30P,0.0,Club David
1416,rZ7HnEZaK0P,0.0,Cabooze
1417,KovZ917AxzU,0.0,Stubb's Waller Creek Amphitheater
1418,rZ7HnEZ17fNJ4,0.0,Kona Skatepark
1419,KovZpZA1AdnA,0.0,Northland Church
1420,rZ7HnEZ17qfFV,0.0,Crossroads Church East Side
1421,rZ7HnEZ173f_P,0.0,Sheffield Family Life Center
1422,KovZpaFrke,0.0,Shell Energy Stadium
1423,rZ7HnEZ174JPI,0.0,"Community Christian Church (Tamarac, FL)"
1424,rZ7HnEZ17qfF0,0.0,Chestnut Ridge Church
1425,rZ7HnEZ17fx4P,0.0,Central Community Church
1426,rZ7HnEZ17qojV,0.0,First Assembly of God
1427,rZ7HnEZaArs,0.0,Crowbar
1428,rZ7HnEZ17_YqS,0.0,Wendell's Indoors
1429,rZ7HnEZ17q300,0.0,New Life Church
1430,KovZpZA1eJEA,0.0,Tucson Convention Center
1431,KovZpZAE7aeA,0.0,Warnors Theatre
1432,KovZpZAa6teA,0.0,Reno Events Center
1433,rZ7HnEZ17o0A4,0.0,Virginia Street Brewhouse
1434,KovZpZAJ66AA,0.0,Cactus Petes Resort Casino Gala Showroom
1435,KovZpab8ze,0.0,TD Ballpark
1436,KovZ917Atn3,0.0,The Forum Auditorium
1437,KovZpZAa1IaA,0.0,Hampton Roads Convention Center
1438,KovZpa3r8e,0.0,Skagit Valley Casino Pacific Showroom
1439,KovZpZAFAnJA,0.0,George Steinbrenner Field
1440,rZ7HnEZ171A7V,0.0,Underbelly
1441,rZ7HnEZ17_tPS,0.0,FIVE
1442,rZ7HnEZ17_wuS,0.0,The Rink Studios
1443,KovZpZA6ta7A,0.0,Salt River Fields at Talking Stick
1444,KovZpZA1natA,0.0,SACRAMENTO MEMORIAL AUDITORIUM
1445,KovZ917ACi0,0.0,Daily's Place
1446,rZ7HnEZ17_O4S,0.0,Atomic
1447,KovZ917AJgG,0.0,UB Center for the Arts - Drama Theatre
1448,KovZ917AJyk,0.0,SeaCoast Grace Church
1449,rZ7HnEZ17_MqS,0.0,District Music Hall
1450,KovZpZAJeeAA,0.0,Shrine Mosque
1451,KovZpapebe,0.0,PHILANTHROPY THEATRE
1452,rZ7HnEZ17_taS,0.0, Crossroads Christian Church
1453,KovZpZAaanlA,0.0,California Theatre of the Performing Arts
1454,KovZpZAF6E7A,0.0,Neal S Blaisdell Concert Hall
1455,KovZpZAJA6aA,0.0,Glass City Center
1456,KovZpZAdnnvA,0.0,BJCC Theatre
1457,rZ7HnEZ17_Vrd,0.0,Superstar Theater in Resorts Casino Atlantic City
1458,KovZpZAaaFnA,0.0,Whiskey Roadhouse-Horseshoe Council Bluffs Casino
1459,KovZpa3zee,0.0,Rialto Theater
1460,KovZ917AY5Z,0.0,Underground Music Cafe
1461,KovZ917AtO3,0.0,Miami Beach Bandshell
1462,rZ7HnEZ17GUC4,0.0,Val Air Ballroom
1463,KovZpapLFe,0.0,Montgomery Mall
1464,rZ7HnEZ17qkC7,0.0,Tumbleroot Brewery & Distillery
1465,KovZ917ARgT,0.0,Chapman Music Hall - TPAC
1466,KovZ917AE3m,0.0,Last Exit Live
1467,rZ7HnEZ17394P,0.0,Forest Hill Church
1468,KovZpapdwe,0.0,The Ritz Ybor
1469,KovZ917AiVw,0.0,Victory Church - Tulsa
1470,KovZ917ARy6,0.0,Summit Church
1471,rZ7HnEZ17fZqA,0.0,The Chapel - Crosspoint Campus
1472,KovZpZA1IFnA,0.0,Peter Martin Wege Theatre
1473,KovZ917Ac43,0.0,Atrium Health Amphitheater 
1474,KovZpZAE7aFA,0.0,Danny Peterson Theatre at the Morrison Center
1475,KovZpZAEvl6A,0.0,Mary N. Porter Riverview Ballroom
1476,KovZpa4wYe,0.0,Belterra Casino Resort and Spa
1477,KovZpZAFkJdA,0.0,Cajundome Convention Center
1478,KovZpZAEda1A,0.0,Amsterdam Bar & Hall
1479,rZ7HnEZ17fOZg,0.0,The Refinery
1480,KovZpZAFdEEA,0.0,Wolstein Center at CSU
1481,KovZpZAdEaEA,0.0,Michigan Theater
1482,KovZpZAaataA,0.0,Horizon Events Center
1483,rZ7HnEZ17FgC4,0.0,Shank Hall
1484,KovZ917ARsb,0.0,Cafeteria Comedy Club
1485,KovZpZAatdJA,0.0,Calvin Simmons Theatre
1486,KovZ917AmFb,0.0,Henrico Sports and Events Center
1487,rZ7HnEZ17_0PN,0.0,Liquid Gravity Brewing Company
1488,rZ7HnEZ17_YAS,0.0,Family Worship Center
1489,rZ7HnEZ17_VFd,0.0,First Baptist Church Abilene
1490,KovZ917AJGQ,0.0,Harrisburg Midtown Arts Center (HMAC) Capitol Room
1491,KovZpapOie,0.0,Thalia Mara Hall
1492,rZ7HnEZ17_VFK,0.0,First Baptist Church Pasadena
1493,rZ7HnEZ17fZ4g,0.0,Rollins Center @ Bally's Dover
1494,rZ7HnEZ17fvfA,0.0,LifeFamily Mueller
1495,KovZ917AIqm,0.0,Crown Arena
1496,KovZpaFH0e,0.0,Suquamish Clearwater Casino Event Center
1497,KovZpZAF7teA,0.0,Mayo Civic Center Arena
1498,rZ7HnEZ17f0ZA,0.0,White's Chapel Methodist Church
1499,rZ7HnEZ17f4og,0.0,Bally's Lake Tahoe
1500,KovZ917AIWB,0.0,Bradley Symphony Center
1501,rZ7HnEZa7xC,0.0,Midtown
1502,KovZpa3-7e,0.0,Petersen Events Center
1503,rZ7HnEZ17f08g,0.0,Church of the Highlands
1504,rZ7HnEZ17_8Jd,0.0,The Church at Rock Creek
1505,rZ7HnEZ17f0uP,0.0,Middle Ages Beer Hall
1506,KovZpZAAJneA,0.0,Pitman Theatre Alverno College
1507,KovZpa3vGe,0.0,River Center
1508,KovZpa9-ie,0.0,W L JACK HOWARD THEATRE
1509,KovZ917ANGC,0.0,Visalia First
1510,KovZpZAFkvtA,0.0,Temple Theatre
1511,KovZpZAE61IA,0.0,Druid City Music Hall
1512,KovZpZAE6vJA,0.0,Talking Stick Resort Amphitheatre
1513,KovZpZAEl6JA,0.0,The Rose
1514,rZ7HnEZ173f7g,0.0,McLean Bible Church
1515,KovZ917AxN3,0.0,The Cabaret Room at Uptown Theater
1516,KovZpZAFAt7A,0.0,Tom Moffatt Waikiki Shell
1517,rZ7HnEZ17333A,0.0,Westside Baptist Church Jacksonville
1518,KovZpZAdIFFA,0.0,Harbor Park
1519,rZ7HnEZ17AAAP,0.0,Thomas Road Baptist Church
1520,KovZpZA16lvA,0.0,Martinsville Speedway
1521,KovZpaowXe,0.0,Seneca Allegany Resort & Casino Event Center
1522,KovZpZAaE67A,0.0,LAKE ELSINORE DIAMOND STADIUM
1523,KovZpZAE67FA,0.0,Events Center at Osceola Heritage Park
1524,KovZpZAE6FaA,0.0,Credit One Stadium 
1525,KovZpZAa1JIA,0.0,Albuquerque Convention Center
1526,rZ7HnEZ17_oCd,0.0,Calvary Chapel Melbourne
1527,KovZpZAJFtJA,0.0,Carnegie Lecture Hall of Oakland
1528,KovZ917AcdH,0.0,Durham Bulls Athletic Park
1529,KovZpakTke,0.0,QPWZL - TM Test Facility 
1530,KovZpZA6t77A,0.0,Yankee Stadium
1531,rZ7HnEZ177Iqf,0.0,Memorial Hall
1532,rZ7HnEZ17f0ag,0.0,First Baptist Church Texarkana
1533,rZ7HnEZ1733xA,0.0,Glad Tidings Church
1534,KovZpZAEAdIA,0.0,Hampton Beach Casino Ballroom
1535,KovZ917AOU7,0.0,Piedmont Hall
1536,rZ7HnEZ17_tad,0.0, Olive Baptist Church - Pensacola Campus
1537,KovZpZAFadlA,0.0,Greek Theatre-U.C. Berkeley
1538,KovZ917AJ_x,0.0,Moody Amphitheater
1539,rZ7HnEZ17_tFS,0.0,Healing Place Church
1540,rZ7HnEZ17_tFN,0.0,Sherwood Baptist Church
1541,rZ7HnEZ17_tFK,0.0,The Potter’s House International Ministries
1542,KovZpZAFF6nA,0.0,Mercedes-Benz Amphitheater
1543,KovZpZAJv6lA,0.0,The Great Saltair
1544,rZ7HnEZ17b94I,0.0,Bastards Canteen
1545,KovZpZAdJnAA,0.0,Homestead Miami Speedway
1546,KovZpZAFFdtA,0.0,Atlanta Motor Speedway
1547,rZ7HnEZ17_Yrd,0.0,Wendell's Outdoors
1548,KovZ917AR1w,0.0,The Hall at Spartanburg Memorial Auditorium
1549,KovZpZA1EAkA,0.0,Ting Pavilion
1550,rZ7HnEZ173eZ4,0.0,Barnato
1551,KovZpZAEe7nA,0.0,Laughlin Event Center
1552,KovZpZAa1dJA,0.0,Sunset Station Outdoor Amphitheater
1553,rZ7HnEZ178-OP,0.0,Rainbow Bar & Grill
1554,KovZpZAEkeJA,0.0,PNC Music Pavilion
1555,rZ7HnEZ17_0bd,0.0,TV Eye
1556,rZ7HnEZ17GZC4,0.0,Cargo Concert Hall
1557,KovZpakS7e,0.0,MetLife Stadium
1558,KovZ917A5p0,0.0,The Overton Park Shell
1559,KovZpZAEk7JA,0.0,Kroger Field
1560,rZ7HnEZ17378g,0.0,QXT's
1561,KovZpZAEAnFA,0.0,Dacotah Bank Center
1562,KovZpa3LGe,0.0,Keith-Albee Performing Arts Center
1563,KovZ917A0DZ,0.0,Live Oak Bank Pavilion
1564,KovZpZAF7vJA,0.0,Atlantic Union Bank Pavilion
1565,KovZpZA7kdJA,0.0,Skyla Credit Union Amphitheatre
1566,rZ7HnEZ17_VFN,0.0,Canterbury United Methodist Church
1567,KovZpZAE6k6A,0.0,The Cynthia Woods Mitchell Pavilion presented by Huntsman
1568,rZ7HnEZ17337g,0.0,Valley Bible Fellowship
1569,KovZpZAFFdnA,0.0,Charlotte Motor Speedway
1570,KovZpZAaIFkA,0.0,Iroquois Amphitheater
1571,KovZpZA7v7tA,0.0,Metropolitan Theatre
1572,rZ7HnEZ173oA4,0.0,Parkway Fellowship
1573,KovZpZA1FlkA,0.0,American Family Field 
1574,rZ7HnEZ178M7A,0.0,Atomic Pavilion
1575,rZ7HnEZ17qfaV,0.0,Redemption Church
1576,KovZpZA1nIJA,0.0,Green Valley Ranch Backyard Amphitheater
1577,KovZpZAIIIeA,0.0,Smart Financial Centre at Sugar Land
1578,rZ7HnEZ17_bvK,0.0,Compass Church - NFW
1579,KovZpZAFFtaA,0.0,Isleta Amphitheater
1580,rZ7HnEZ17q4o7,0.0,Dunwoody Baptist Church
1581,KovZpZAdEt6A,0.0,Rice-Eccles Stadium
1582,rZ7HnEZ173_r4,0.0,Church in the Son
1583,KovZpZAEkA7A,0.0,MIDFLORIDA Credit Union Amphitheatre at the FL State Fairgrounds
1584,KovZpZAa1enA,0.0,Pier Six Pavilion
1585,rZ7HnEZ17_gvN,0.0,Calvary Baptist Church
1586,rZ7HnEZ17_gvK,0.0,Main Street Baptist Church
1587,KovZpZAEeIFA,0.0,Churchill Downs
1588,KovZpZAE6taA,0.0,Marines Memorial Theatre
1589,rZ7HnEZ17_gvd,0.0,University of Georgia Tifton Campus Conference Center - John Hunt Auditorium
1590,rZ7HnEZ17_a8K,0.0,Liquid Church
1591,KovZpZA1AIkA,0.0,Bayfront Park
1592,KovZ917At0V,0.0,The Broadway Tent
1593,KovZpZA1JkvA,0.0,Merriweather Post Pavilion
1594,KovZ917AJgV,0.0,University at Buffalo - Katharine Cornell Theatre
1595,rZ7HnEZad7k,0.0,Agora Theatre and Ballroom
1596,KovZ917AOJj,0.0,Amphitheater at Las Colonias Park
1597,KovZ917Ah21,0.0,OceanFirst Bank Center
1598,KovZpZAEAIdA,0.0,Veterans United Home Loans Amphitheater at Virginia Beach
1599,KovZpZAFkEaA,0.0,The Wharf Amphitheater
1600,KovZpapBwe,0.0,Busch Stadium
1601,KovZ917At18,0.0,North Wilkesboro Speedway
1602,KovZ917A2qV,0.0,Greenfield Lake Amphitheater
1603,KovZ917AQiH,0.0,Ozarks Amphitheater
1604,KovZpZAJAlAA,0.0,Michigan Lottery Amphitheatre at Freedom Hill
1605,KovZ917AiUV,0.0,The Astro Amphitheater
1606,KovZpZAJJ1eA,0.0,Henry B. Gonzalez Convention Center
1607,rZ7HnEZ17GVJ4,0.0,Royal Oak Music Theatre
1608,KovZpZAdEJAA,0.0,Constellation Brands-Marvin Sands Performing Arts Center: CMAC
1609,KovZpZAattdA,0.0,Sandler Center For The Performing Arts
1610,KovZpZAId1aA,0.0,Outlaw Field at the Idaho Botanical Garden
1611,KovZpa1qje,0.0,BankNH Pavilion
1612,KovZpZAEeI1A,0.0,The Rose Music Center at The Heights
1613,KovZpvEk7A,0.0,Ruoff Music Center
1614,KovZpZAEAdlA,0.0,Maine Savings Amphitheater
1615,KovZpZAEAtAA,0.0,Blossom Music Center
1616,KovZ917Ah6n,0.0,Kettlehouse Amphitheater
1617,KovZpZA1vlIA,0.0,Hayden Homes Amphitheater
1618,KovZpaFP3e,0.0,Broadview Stage at SPAC
1619,KovZpZAEAEIA,0.0,Empower Federal Credit Union Amphitheater at Lakeview
1620,rZ7HnEZa6AX,0.0,Jannus Live
1621,KovZpZAFAEeA,0.0,BMO Pavilion
1622,KovZpaoU8e,0.0,Hersheypark Stadium
1623,KovZ917AiXw,0.0,Central Bank Downtown Live
1624,KovZpZAEAnaA,0.0,"Hollywood Casino Amphitheatre - St. Louis, MO"
1625,KovZpZA16t1A,0.0,Holiday Trav-L-Park
1626,KovZ917AJek,0.0,FirstBank Amphitheater
1627,KovZpZAEvFkA,0.0,BankPlus Amphitheater at Snowden Grove
1628,KovZ917AioZ,0.0,Remlinger Farms
1629,rZ7HnEZadru,0.0,Kentucky Railway Museum
1630,KovZpZA7elEA,0.0,Stanford Stadium
1631,KovZpZAIE71A,0.0,Sandy Amphitheater
1632,KovZpZAJeenA,0.0,American Family Insurance Amphitheater - Summerfest Grounds
1633,KovZpZAFFvJA,0.0,Hollywood Bowl
1634,KovZpZAalvtA,0.0,Citi Field
1635,KovZpZA77elA,0.0,Vina Robles Amphitheatre
1636,KovZpZAFkkJA,0.0,Chateau Ste Michelle Winery
1637,KovZpa6SBe,0.0,Michigan International Speedway
1638,KovZ917ARDx,0.0,The Dome
1639,KovZpZAdnteA,0.0,Caesars Event Center at Caesars Southern Indiana
1640,KovZ917APIZ,0.0,Artpark Mainstage Theater
1641,KovZpZA17JvA,0.0,Centennial Terrace
1642,KovZ917A-X0,0.0,Globe Life Field
1643,KovZpZAJld6A,0.0,RV Inn Style Resorts Amphitheater 
1644,KovZpZAat66A,0.0,Rhode Island Convention Center
1645,KovZ917AJK3,0.0,The ICON Festival Stage at Smale Park
1646,KovZpZAEkd1A,0.0,White River Amphitheatre
1647,KovZ917AxsO,0.0,Saint Louis Music Park
1648,KovZpZAatk1A,0.0,Stone Pony Summer Stage
1649,KovZpZAEk71A,0.0,The Pavilion at Star Lake
1650,KovZpZAF7tdA,0.0,Mayo Civic Center Auditorium
1651,KovZ917AIHn,0.0,Thunder Ridge Nature Arena
1652,KovZpaK7xe,0.0,PNC PAVILION
1653,KovZpZAEe7EA,0.0,Lake Tahoe Outdoor Arena at Harveys
1654,KovZpZAdJElA,0.0,Meadow Brook Amphitheatre
1655,KovZ917AcZG,0.0,Emerson Center for the Arts & Culture
1656,KovZpZAEd1vA,0.0,Breese Stevens Field
1657,KovZ917ARgg,0.0,Allianz Amphitheater at Riverfront
1658,KovZ917AJ9p,0.0,Firefly Distillery
1659,KovZ917ARgY,0.0,Coca-Cola Amphitheater
1660,KovZpZAaI6nA,0.0,Carnegie Music Hall of Oakland
1661,KovZ917AinH,0.0,Cult Classic Brewing Outdoor Stage
1662,KovZ917AOQk,0.0,Treasure Island Amphitheater
1663,KovZpa3swe,0.0,Pine Knob Music Theatre
1664,KovZpaF0ne,0.0,Darien Lake Amphitheater
1665,KovZpZAaFtEA,0.0,En-Joie Golf Course
1666,KovZpZA6ta1A,0.0,Shoreline Amphitheatre
1667,KovZpZAdI11A,0.0,Ironstone Amphitheatre at Ironstone Vineyards
1668,KovZpZAFkelA,0.0,Paycor Stadium
1669,KovZpZAatEaA,0.0,Red Bull Arena
1670,rZ7HnEZ17_ofK,0.0,Rock The Clock 
1671,KovZpZAEAElA,0.0,Xfinity Center
1672,KovZpZAEAnnA,0.0,Alpine Valley Music Theatre
1673,KovZpZAFFdlA,0.0,Ameris Bank Amphitheatre
1674,KovZ917AtxH,0.0,The Theater at Mount Jordan
1675,KovZ917AQ6V,0.0,Brandon Amphitheater
1676,KovZpZAaaFlA,0.0,Pinewood Bowl Theater
1677,KovZ917Ax8x,0.0,Hartford HealthCare Amphitheater
1678,KovZpZAEktFA,0.0,Credit Union 1 Amphitheatre
1679,KovZpZAE7aJA,0.0,DICK'S Sporting Goods Park
1680,KovZpZAFkElA,0.0,Champions Square
1681,KovZpZAEAnIA,0.0,Illinois State Fairgrounds Il State Fair
1682,KovZpZA1lleA,0.0,Utah First Credit Union Amphitheatre
1683,KovZpZAIJ6aA,0.0,Richmond Raceway
1684,rZ7HnEZadfG,0.0,Crossroads Village & Huckleberry Railroad
1685,KovZ917AxSi,0.0,The Ledge Amphitheater
1686,KovZpZAEk6JA,0.0,Jiffy Lube Live
1687,KovZ917Ah_f,0.0,The Fruit Yard Amphitheater
1688,KovZpZAJ7ddA,0.0,Tulsa Ballroom at Cox Business Convention Center
1689,KovZpZAEkvEA,0.0,iTHINK Financial Amphitheatre 
1690,KovZpa3vpe,0.0,Pops
1691,KovZ917AJuO,0.0,The Amp at Log Still
1692,KovZpZAdnItA,0.0,New Hampshire Motor Speedway
1693,KovZ917AO1I,0.0,The Youngstown Foundation Amphitheatre
1694,KovZ917AIFr,0.0,Wean Park
1695,KovZ917AtJ7,0.0,The Mill Terre Haute
1696,KovZpZAAllAA,0.0,Ballpark
1697,KovZpZAEdFkA,0.0,Big Daddys
1698,KovZpZAF6tAA,0.0,PNC Field
1699,KovZpZAFdJvA,0.0,Allentown Fairgrounds
