,node_id,node_centrality,node_name
0,KovZpZAEAkvA,0.2077692760447322,Old National Centre
1,KovZ917AxAB,0.19952913478516773,The Observatory North Park
2,KovZpZAFnltA,0.19776339022954678,Neptune Theatre
3,KovZpZAEAIaA,0.19776339022954678,Theatre of Living Arts
4,KovZpZAFkvEA,0.19658622719246616,Paramount Theatre
5,KovZpZAE6k1A,0.1948204826368452,House of Blues Houston
6,KovZpZAJAllA,0.1948204826368452,Buckhead Theatre
7,KovZpZAFa1nA,0.19305473808122425,Paramount Theatre
8,KovZpZAFFt1A,0.19246615656268393,Summit
9,KovZpZAJ6daA,0.1918775750441436,The Regent Theater
10,KovZpZA7dkJA,0.19128899352560327,Bowery Ballroom
11,KovZpaFEZe,0.19128899352560327,Tabernacle
12,KovZpZAEeFtA,0.19011183048852265,Wells Hall at The Parker
13,KovZpZA7knFA,0.18952324896998232,9:30 CLUB
14,KovZpZAEAdaA,0.18952324896998232,Gramercy Theatre
15,KovZpZAEAlIA,0.18952324896998232,Balboa Theatre
16,KovZ917AiGZ,0.18893466745144202,White Oak Music Hall - Downstairs
17,rZ7HnEZ17aJq7,0.18893466745144202,Thalia Hall
18,KovZ917AxY0,0.18893466745144202,The Echo Lounge & Music Hall
19,KovZpZA1vFJA,0.18893466745144202,Moore Theatre
20,KovZpZAFF1nA,0.1883460859329017,Martin Marietta Center for the Performing Arts
21,KovZpZAEAIlA,0.1883460859329017,House of Blues Chicago
22,KovZpZA6kdtA,0.18775750441436137,Fox Theatre Detroit
23,KovZpZAEA7eA,0.18716892289582107,Citizens House of Blues Boston
24,KovZpZAJIedA,0.18716892289582107,The Ritz
25,rZ7HnEZadXm,0.18716892289582107,The Independent
26,KovZpa2Xke,0.18658034137728075,State Farm Arena
27,KovZpZAEkteA,0.18658034137728075,The Fillmore Philadelphia
28,KovZpZAFF1tA,0.18658034137728075,Center Stage Theater
29,KovZpZA6taAA,0.18599175985874042,Bridgestone Arena
30,KovZ917APep,0.18540317834020012,Brooklyn Bowl Nashville
31,KovZpZAEAl6A,0.18540317834020012,The Wiltern
32,KovZ917Ai5U,0.1848145968216598,White Oak Music Hall - Upstairs 
33,KovZ917AEJz,0.1848145968216598,MGM Music Hall at Fenway
34,KovZ917APwH,0.18363743378457914,713 Music Hall
35,KovZpZA7klAA,0.18363743378457914,House of Blues Las Vegas 
36,KovZpaKuJe,0.18304885226603884,Capital One Arena
37,KovZpa2M7e,0.18304885226603884,United Center
38,KovZpZAEvnlA,0.18304885226603884,Au-Rene Theater at the Broward Center
39,KovZpZAEAktA,0.18304885226603884,The Fillmore Detroit
40,KovZpa2gne,0.18246027074749852,TD Garden
41,KovZ917ACc7,0.18246027074749852,Coca-Cola Roxy
42,KovZpZAFaJeA,0.18246027074749852,Ball Arena
43,KovZ917AinI,0.18246027074749852,The Atlantis
44,KovZ917Ahkk,0.18246027074749852,Climate Pledge Arena
45,KovZ917A25V,0.1812831077104179,Little Caesars Arena
46,KovZpZAEAkEA,0.1812831077104179,Saint Andrew's Hall
47,KovZpZA7AeJA,0.1812831077104179,Amaturo Theater at Broward Center
48,rZ7HnEZa7CC,0.1812831077104179,Majestic Theatre
49,KovZpZAEkIIA,0.18069452619187756,Bayou Music Center
50,KovZpa35ee,0.18069452619187756,Music Hall Center
51,KovZpZAEAltA,0.18010594467333724,House of Blues San Diego
52,KovZpZAE7vdA,0.17951736315479694,Radio City Music Hall
53,KovZpZA7AAEA,0.17951736315479694,Madison Square Garden
54,KovZpaFPje,0.17834020011771629,Irving Plaza Powered By Verizon 5G
55,rZ7HnEZae-Y,0.17834020011771629,The Crocodile
56,KovZpZAFdJtA,0.177751618599176,Town Hall
57,KovZpZAJ666A,0.17716303708063566,V Theater at Planet Hollywood Inside the Miracle Mile Mall
58,KovZ917AiMF,0.17716303708063566,Wells Fargo Center
59,KovZpZAEA6kA,0.17716303708063566,San Diego Civic Theatre
60,KovZpZAJd6FA,0.17598587404355504,Boch Center Wang Theatre
61,KovZpZAEktdA,0.17598587404355504,The Foundry
62,KovZpZAJdEkA,0.17598587404355504,Clowes Memorial Hall
63,KovZpZAFk6EA,0.17598587404355504,Lincoln Theatre
64,KovZpZAJv7aA,0.1753972925250147,Warner Theatre
65,KovZ917Ahxb,0.1753972925250147,The Met Presented by Highmark
66,KovZpZAJedlA,0.1753972925250147,Atlanta Symphony Hall
67,KovZpZAdakJA,0.17480871100647438,Lenovo Center
68,KovZpap0Fe,0.17480871100647438,Palace of Fine Arts
69,KovZpZAFl6vA,0.17480871100647438,Majestic Theatre Dallas
70,KovZpZAE6eeA,0.17480871100647438,The Fillmore
71,rZ7HnEZ17op04,0.17422012948793408,Sony Hall
72,KovZpZAEAF7A,0.17422012948793408,House of Blues Dallas 
73,KovZ917AiI3,0.17422012948793408,The Bellwether
74,KovZpa3j7e,0.17422012948793408,Cobb Energy Performing Arts Centre
75,KovZpZAJvttA,0.17422012948793408,The Belasco
76,KovZpZA6keIA,0.17363154796939376,Gainbridge Fieldhouse
77,KovZ917AxdQ,0.17363154796939376,Big Night Live
78,KovZpZA7kvlA,0.17304296645085343,The Theater at MSG
79,KovZpZA6A1EA,0.17304296645085343,Schottenstein Center
80,KovZpZA11JtA,0.17304296645085343,Paradise Rock Club presented by Citizens
81,rZ7HnEZ178O8g,0.17304296645085343,Music Box
82,KovZpa2WHe,0.17304296645085343,The Masquerade - Heaven
83,KovZ917Ah1H,0.1724543849323131,Chase Center
84,KovZ917A3Y7,0.1718658034137728,The Anthem
85,rZ7HnEZaeq7,0.1718658034137728,Bimbo's 365 Club
86,KovZpZAJAkAA,0.17127722189523248,Mercury Lounge
87,rZ7HnEZ1789Gg,0.17127722189523248,The Basement East
88,KovZpa30pe,0.17068864037669215,Encore Theater at Wynn Las Vegas
89,KovZpZAEet7A,0.17068864037669215,Ascend Amphitheater
90,KovZpZAJ67eA,0.16951147733961153,American Airlines Center
91,KovZ917AEtU,0.16951147733961153,Brooklyn Bowl Philadelphia
92,KovZ917AI5F,0.16951147733961153,The Salt Shed Indoors (Shed)
93,KovZpZA6AJ6A,0.1689228958210712,The Chicago Theatre
94,KovZpZAJFnvA,0.1689228958210712,Westgate Las Vegas Resort & Casino
95,KovZ917AI8j,0.1689228958210712,Voodoo Room at the House of Blues San Diego
96,KovZpZAEAIvA,0.1683343143025309,The Wilbur
97,KovZpZAJJ7FA,0.1683343143025309,Arena Theatre
98,KovZpaoyie,0.1683343143025309,Wexner Center Mershon Auditorium
99,KovZpZAJalEA,0.16715715126545025,PH Live at Planet Hollywood
100,KovZpZA6kelA,0.16715715126545025,Nationwide Arena
101,KovZ917AOz0,0.16715715126545025,The Masquerade - Hell
102,KovZpZAEeaeA,0.16656856974690995,Rose & Alfred Miniaci Performing Arts Center
103,KovZpZAIeldA,0.16597998822836962,Brooklyn Bowl Las Vegas
104,KovZ917A2m7,0.1653914067098293,The Colosseum at Caesars Palace
105,rZ7HnEZ178dk4,0.1653914067098293,Marathon Music Works
106,KovZpZAEFI6A,0.1653914067098293,South Point Showroom at South Point Hotel Casino and Spa
107,KovZpapwne,0.16480282519128897,Brighton Music Hall presented by Citizens
108,KovZpZAJeFkA,0.16362566215420835,Marquis
109,KovZpZAFd1nA,0.16362566215420835,Agganis Arena
110,KovZpZAEAd6A,0.16303708063566802,Beacon Theatre
111,KovZpZA1lJ7A,0.16303708063566802,Vinyl
112,KovZpa3uCe,0.16303708063566802,Orpheum Theatre
113,KovZpZAEvnFA,0.16303708063566802,Teragram Ballroom
114,KovZpZAEAFdA,0.16303708063566802,South Side Ballroom
115,KovZpa6OCe,0.16244849911712772,Echoplex
116,KovZ917AOzm,0.16244849911712772,The Masquerade - Purgatory
117,KovZpZAdEEvA,0.1618599175985874,Red Hat Amphitheater
118,KovZpZAEAAJA,0.1618599175985874,Everwise Amphitheater at White River State Park
119,KovZpZAEeFFA,0.16127133608004707,Humphreys Backstage Live
120,KovZ917A58V,0.16127133608004707,The Bronze Peacock at House of Blues Houston
121,KovZpZAF6vnA,0.16068275456150677,The Venetian Theatre at The Venetian Resort
122,rZ7HnEZadyf,0.16009417304296644,3rd and Lindsley
123,KovZpZAFAE1A,0.16009417304296644,Sound Board at MotorCity Casino Hotel
124,KovZ917ARdB,0.15950559152442612,Outset
125,KovZ917A2S0,0.15950559152442612,Wintrust Arena
126,rZ7HnEZa6iQ,0.15950559152442612,Exit/In
127,KovZpZAFFE7A,0.15950559152442612,WAMU Theater
128,KovZpa2Hxe,0.15950559152442612,Greek Theatre
129,KovZ917A967,0.15891701000588582,The Echo
130,KovZpZAIvlIA,0.1583284284873455,The Cambridge Room at House Of Blues
131,rZ7HnEZ1734_P,0.15773984696880516,Clock-Out Lounge
132,rZ7HnEZaASU,0.15773984696880516,Blue Note Jazz Club
133,KovZpaKdYe,0.15715126545026487,DAR Constitution Hall
134,KovZpZA77JtA,0.15715126545026487,The Shelter
135,KovZpZAEdFJA,0.15715126545026487,TD Pavilion at the Mann
136,rZ7HnEZ17397g,0.15656268393172454,Madame Lou's
137,rZ7HnEZa7PM,0.15656268393172454,Tractor
138,KovZpZAFdJnA,0.15656268393172454,Byline Bank Aragon Ballroom
139,KovZpZAJ6nlA,0.15656268393172454,The Masonic
140,KovZpZAEkvlA,0.1559741024131842,Revolution Live
141,rZ7HnEZa5yw,0.1559741024131842,The Masonic Lodge at Hollywood Forever
142,KovZ917AJ5H,0.1553855208946439,The Moroccan Lounge
143,rZ7HnEZa73K,0.1553855208946439,Cafe Du Nord
144,KovZpZA1tn1A,0.1553855208946439,The Loft
145,KovZ917AJ-O,0.15420835785756326,The Rady Shell at Jacobs Park
146,KovZpZAaJeaA,0.15303119482048264,The Bluestone
147,KovZ917AOr1,0.1524426133019423,Brown County Music Center
148,rZ7HnEZ17fACA,0.15185403178340198,The Bourbon Room
149,KovZpZAFFvnA,0.15185403178340198,Music Hall At Fair Park
150,KovZpZAJAJeA,0.15185403178340198,The Cosmopolitan of Las Vegas
151,KovZpaKope,0.15185403178340198,Bill Graham Civic Auditorium
152,KovZpZA17ItA,0.15126545026486168,Columbus Athenaeum
153,KovZ917Ax7n,0.15126545026486168,Allegiant Stadium
154,KovZpZAEeadA,0.15126545026486168,Abdo New River Room at the Broward Center
155,KovZ917A2k0,0.15067686874632136,The Peppermint Club
156,KovZpZAE6eJA,0.15067686874632136,Fillmore Auditorium (Denver)
157,rZ7HnEZ17ffO4,0.15067686874632136,Pearl Street Warehouse
158,rZ7HnEZak6C,0.15008828722778103,Rumba Cafe
159,rZ7HnEZ178p-4,0.14949970570924073,The Athenaeum Theatre
160,KovZpaKAZe,0.1489111241907004,Pearl Concert Theater at Palms Casino Resort
161,KovZ917AcIV,0.1489111241907004,Fontainebleau
162,KovZpZAJJEtA,0.14832254267216008,Zilkha Hall at the Hobby Center
163,KovZpZAEkeaA,0.14832254267216008,Coastal Credit Union Music Park at Walnut Creek
164,rZ7HnEZaeqM,0.14773396115361978,Empty Bottle
165,rZ7HnEZ178V74,0.14714537963507945,SOMA - Mainstage
166,rZ7HnEZ17Fp1f,0.14714537963507945,Brick and Mortar Music Hall
167,rZ7HnEZaePL,0.14714537963507945,Bottom Lounge
168,KovZ917A5L7,0.14479105356091818,Dolby Live
169,KovZ917AmQG,0.14420247204237785,The Masquerade  - Altar
170,rZ7HnEZ17F4OA,0.14420247204237785,Drom
171,rZ7HnEZ17oJxA,0.14420247204237785,Brick By Brick
172,KovZ917Ai-Q,0.14361389052383755,Riverside Revival
173,KovZpa4cFe,0.14361389052383755,Petco Park
174,KovZpZAEevAA,0.14361389052383755,T-Mobile Park
175,KovZpZAJF7EA,0.1424367274867569,Oracle Park
176,KovZ917Atbr,0.1418481459682166,Sphere
177,rZ7HnEZaert,0.1418481459682166,Iridium
178,rZ7HnEZaA9c,0.1418481459682166,Skully's Music Diner
179,KovZpZAE7dkA,0.14125956444967627,Clarence Muse Cafe Theater
180,rZ7HnEZ17f6_g,0.14125956444967627,Academy LA
181,KovZ917ALpY,0.14125956444967627,Presence Arena
182,rZ7HnEZ17qf4V,0.14125956444967627,The Church Nightclub
183,KovZ917AiNY,0.14125956444967627,The Torch at LA Coliseum
184,KovZpZAEkAaA,0.14067098293113595,Cadence Bank Amphitheatre at Chastain Park
185,KovZpZAaadEA,0.14008240141259565,United Palace
186,KovZpakX1e,0.13949381989405532,Ford Field
187,KovZpZAJlvvA,0.13949381989405532,The Showroom at the Golden Nugget
188,KovZpZAFAt6A,0.13949381989405532,Luckman Fine Arts Complex
189,KovZpZAFk7tA,0.13949381989405532,Culture Room
190,KovZpZAEA7IA,0.13949381989405532,Huntington Bank Pavilion at Northerly Island
191,rZ7HnEZ178J7g,0.138905238375515,Birdland Jazz Club
192,KovZpZA1EEJA,0.138905238375515,Boch Center Shubert Theatre
193,KovZpa3Wne,0.1383166568569747,Empower Field At Mile High
194,rZ7HnEZa9V3,0.1383166568569747,The Bowery Electric
195,rZ7HnEZ17FAJ4,0.1383166568569747,Woodlands Tavern
196,KovZpZAaIllA,0.1383166568569747,Chrome Showroom at Santa Fe Station Hotel & Casino
197,KovZpZAdEJEA,0.13772807533843437,Lucas Oil Stadium
198,rZ7HnEZ17__4S,0.13772807533843437,Secret Location - Philadelphia
199,KovZpZAEAE6A,0.13772807533843437,Manhattan Center Hammerstein Ballroom
200,KovZ917Ata1,0.13772807533843437,White Oak Music Hall Lawn
201,KovZpZAFkkEA,0.13596233078281342,The Masquerade Music Park
202,KovZpZAa1neA,0.13596233078281342,Citizens Bank Park
203,KovZpZAEAdEA,0.13596233078281342,Leader Bank Pavilion
204,rZ7HnEZ178g0P,0.1353737492642731,Berlin
205,rZ7HnEZ17G8r4,0.1353737492642731,Harpo's Concert Theatre
206,KovZpZAJaJ1A,0.13360800470865214,Harrah's Showroom at Harrah's Las Vegas
207,KovZpZAF6tIA,0.13243084167157151,Soldier Field
208,rZ7HnEZ174KrF,0.1318422601530312,Birdland Theater
209,KovZ917Amf0,0.13125367863449086,The Salt Shed Outdoors (Fairgrounds)
210,KovZpZA7dJlA,0.13007651559741024,Paris Ballroom
211,KovZ917AQXY,0.1288993525603296,Moon Room at Summit
212,KovZpZA1J7JA,0.1288993525603296,Orpheum Theatre presented by Citizens
213,KovZpZA1vkIA,0.1288993525603296,Ticketmaster Test Stadium
214,KovZpZAEd1kA,0.1288993525603296,Mayan Theater
215,rZ7HnEZ173614,0.1288993525603296,Warner Theatre
216,KovZpZAJE1vA,0.1288993525603296,Palace Theatre
217,KovZpZAJ7AIA,0.1288993525603296,Humphreys Concerts By the Bay
218,KovZpa34ne,0.1288993525603296,McCaw Hall
219,rZ7HnEZaezH,0.1288993525603296,The Showbox
220,KovZpZAJA6IA,0.1288993525603296,Cal Coast Credit Union Open Air Theatre at SDSU
221,KovZpZA77eJA,0.1288993525603296,Capital One City Parks Foundation SummerStage
222,KovZpZAEAAvA,0.1288993525603296,Ohio Expo Center & State Fair
223,KovZpa2W1e,0.1288993525603296,Dodger Stadium
224,KovZpZAJaEaA,0.12419070041200705,NRG Arena
225,KovZpa2H7e,0.12124779281930546,Auditorium Theatre
226,KovZ917AcSj,0.12007062978222482,The Ellis Theater
227,rZ7HnEZ17fdZg,0.11830488522660387,The Bluebird Cafe
228,KovZpZAJ6eAA,0.11653914067098292,Howard L. Schrott Center for the Arts
229,KovZpZAFk6lA,0.11595055915244261,The National Theatre
230,KovZpZA6AEdA,0.1153619776339023,Viejas Arena at Aztec Bowl San Diego State University
231,KovZpZAEkFEA,0.11477339611536197,Cobb's Comedy Club
232,KovZ917AIoi,0.1124190700412007,Snapdragon Stadium
233,KovZpZAa1eEA,0.10947616244849911,Lisner Auditorium
234,KovZ917AJw7,0.10771041789287816,The Apollo's Jonelle Procope Theater
235,KovZpZAatnaA,0.10771041789287816,The Liacouras Center
236,KovZpZAFlktA,0.10712183637433784,Wrigley Field
237,KovZpZA6AJAA,0.10594467333725721,CIBC Theatre
238,rZ7HnEZ17fZrA,0.10535609181871688,Here - After
239,KovZpZAEvtFA,0.10417892878163625,Punch Line Philly
240,KovZpZA7v6tA,0.1024131842260153,Wilshire Ebell Theatre
241,rZ7HnEZa7sP,0.1024131842260153,Swedish American Hall
242,rZ7HnEZ17o4OP,0.10182460270747498,Heaven Can Wait
243,KovZpZAFAJEA,0.10123602118893466,Broadway Playhouse at Water Tower Place
244,KovZpZA7AAIA,0.10064743967039434,The Apollo's Historic Theater
245,KovZpa2Bpe,0.09770453207769275,Credit Union 1 Arena at UIC
246,KovZpaF2Qe,0.09652736904061213,Bugsy's Cabaret at Flamingo
247,KovZpZAEdFIA,0.09652736904061213,Highmark Skyline Stage at the Mann
248,KovZpa3xIe,0.09181871689228957,The Summit Showroom at The Venetian Resort
249,KovZpZAtv11A,0.09064155385520895,Truist Park
250,KovZ917Axum,0.0894643908181283,Copernicus Center
251,rZ7HnEZ17ao8f,0.0894643908181283,Feinstein's at The Nikko
252,KovZpZAEke6A,0.0894643908181283, Revolution Live at the Backyard
253,KovZpZA1J67A,0.0894643908181283,Nationals Park
254,KovZpZAadt7A,0.088875809299588,Echostage
255,KovZ917AOfZ,0.08769864626250735,Jimmy Kimmel's Comedy Club
256,KovZpZAJFJIA,0.08769864626250735,David Copperfield Theater at MGM Grand Hotel and Casino
257,KovZpZA1nItA,0.08769864626250735,Palazzo Theatre at The Venetian Resort
258,KovZpZAJ6n7A,0.0859329017068864,Saxe Theater at Planet Hollywood Inside the Miracle Mile Mall
259,KovZpZAF7AnA,0.0859329017068864,8 Seconds Saloon
260,KovZpZAEkA1A,0.08534432018834608,Columbus Civic Center
261,KovZ917Amhj,0.08357857563272512,Punch Line Philly Callback Bar
262,KovZ917AQDH,0.08357857563272512,Comedy Cellar at Rio Las Vegas
263,KovZ917Ac0J,0.08357857563272512,House of Tape in the Underground Theater
264,KovZpZAJFJEA,0.08357857563272512,Brad Garrett's Comedy Club
265,KovZpZAE6e7A,0.08357857563272512,Punch Line Comedy Club - San Francisco
266,KovZ917ARGO,0.08357857563272512,Punch Line Houston
267,KovZpZAFnlFA,0.08357857563272512,Detroit Opera House
268,KovZpZAatadA,0.08357857563272512,Herbst Theatre
269,KovZpZAF6lvA,0.08357857563272512,MGM Grand Detroit Event Center
270,rZ7HnEZ178VAP,0.08357857563272512,SOMA - Sidestage
271,KovZpZAaJ17A,0.08357857563272512,The Event Center at Hollywood Casino Columbus
272,KovZpZAEdJaA,0.08240141259564449,Mercedes-Benz Stadium
273,KovZpaoMGe,0.07945850500294291,Walnut Street Theatre
274,KovZpZAE7d6A,0.07828134196586227,Bruton Theatre
275,KovZpZAJEaaA,0.07828134196586227,Corteva Coliseum
276,KovZpa31me,0.07592701589170099,The Aretha Franklin Amphitheatre
277,KovZpZAJ61JA,0.07180694526191878,Arie Crown Theater
278,rZ7HnEZa7CR,0.0694526191877575,Magic Stick
279,rZ7HnEZ17oPbP,0.06886403766921718,Trees
280,rZ7HnEZ178PaP,0.06886403766921718,Catch One
281,rZ7HnEZ17fZbP,0.06886403766921718,The Vermont Hollywood
282,KovZ917ALw8,0.06886403766921718,B Side at House of Blues Las Vegas
283,rZ7HnEZ178IOP,0.06886403766921718,El Club
284,KovZpZA1e7IA,0.06827545615067687,Orleans Arena
285,rZ7HnEZaeyE,0.06533254855797528,Joe's on Weed Street
286,rZ7HnEZ17uJbA,0.06533254855797528,Grizzly Rose
287,rZ7HnEZ17_K_S,0.06533254855797528,Oasis San Diego Torrey Pine Room
288,KovZ917AABV,0.06533254855797528,Orleans Showroom
289,rZ7HnEZ17oEag,0.06533254855797528,Carol's Pub
290,KovZpZAEAAeA,0.06533254855797528,Ohio Stadium
291,KovZ917APYJ,0.06533254855797528,GEODIS Park
292,KovZpZA1vanA,0.06356680400235432,Morton H. Meyerson Symphony Center
293,KovZpZAdlkEA,0.06356680400235432,Southside Music Hall
294,KovZpZAJJEaA,0.05768098881695115,Hobby Center
295,KovZ917A-gV,0.05591524426133019,Shelton Auditorium at Butler Arts Center
296,KovZpZAFd1JA,0.05591524426133019,Citizens Opera House
297,KovZpZAEdlnA,0.05414949970570924,Harrah's Cabaret at Harrah's Las Vegas
298,rZ7HnEZ17f6Fg,0.05414949970570924,Nova SD
299,KovZpZAEdFeA,0.05414949970570924,NRG Stadium
300,KovZ917AOSm,0.05179517363154797,Thunderland Showroom at Excalibur
301,KovZpZAF6JEA,0.05120659211300765,Jabbawockeez Theater at MGM Grand Hotel & Casino
302,KovZ917AJq3,0.05120659211300765,Soundcheck
303,KovZ917AJxJ,0.05120659211300765,The Grand (Boston)
304,KovZ917AR_1,0.05120659211300765,Foundation Room at House of Blues Chicago
305,KovZ917Aai0,0.05120659211300765,Ophelia's Electric Soapbox
306,KovZ917AcdZ,0.05120659211300765,Brooklyn Bowl Philadelphia Downstairs
307,rZ7HnEZ17f6QA,0.05120659211300765,Exchange LA
308,KovZ917AEKn,0.05120659211300765,Scorpion Bar Boston
309,rZ7HnEZ17_8ZS,0.05120659211300765,Bloom
310,KovZ917Acs8,0.05120659211300765,NOTO
311,rZ7HnEZ178OrA,0.05120659211300765,Russell Industrial Center
312,KovZ917AxnI,0.05120659211300765,NOTO
313,KovZ917A-lO,0.05120659211300765,Russell Industrial Center
314,KovZpZAEAFeA,0.05120659211300765,Dos Equis Pavilion
315,KovZpZAEkeFA,0.05120659211300765,Lakewood Amphitheatre
316,KovZ917AI2V,0.05120659211300765,The JunkYard
317,rZ7HnEZ17f-ug,0.05061801059446733,Neck of the Woods
318,KovZpZAJalFA,0.049440847557386695,Imagine Showroom at Horseshoe Las Vegas
319,KovZpZAEAAaA,0.048852266038846376,Southern Theatre
320,KovZpZAEAA7A,0.04826368452030606,Palace Theatre Columbus
321,KovZpZAFAJkA,0.04826368452030606,Cadillac Palace
322,KovZpZAEAteA,0.04826368452030606,Florence Gould Theater at L'Alliance New York
323,rZ7HnEZak6S,0.04532077692760447,The Basement
324,rZ7HnEZ17FwP7,0.04532077692760447,Gramercy Theatre
325,rZ7HnEZ17fa7P,0.04532077692760447,The East Room
326,KovZpZAF6alA,0.04473219540906415,Apollo Theater
327,KovZpZAFdJIA,0.04178928781636256,Astor Place Theatre
328,KovZpZAF7eIA,0.04178928781636256,Minetta Lane Theatre
329,KovZpaF4Ve,0.04178928781636256,The Theater Center
330,KovZpZAEAelA,0.04178928781636256,Blue Man Theater at Luxor
331,KovZpZAF7etA,0.04178928781636256,Orpheum Theatre NYC
332,KovZpZAdaAlA,0.04178928781636256,New Amsterdam Theatre
333,KovZpZAFAJ7A,0.04178928781636256,James M. Nederlander Theatre
334,KovZpZAEeFaA,0.04178928781636256,Hollywood Pantages Theatre
335,KovZpa3cze,0.04178928781636256,Charles Playhouse
336,KovZpZA6kdJA,0.04178928781636256,Briar Street Theatre
337,KovZpZAEAAdA,0.04178928781636256,Ohio Theatre
338,KovZpabeVe,0.04178928781636256,Margot and Bill Winspear Opera House
339,KovZpZAIetEA,0.04178928781636256,Lilly Hall Studio Theatre
340,KovZ917AGG7,0.03766921718658034,The Copa Room at Tuscany Suites
341,KovZ917AtFx,0.03766921718658034,Virginia Avenue Parking Garage
342,KovZ917AxDG,0.03766921718658034,KAOS at Palms Casino Resort
343,KovZpZAaE77A,0.03766921718658034,Broadway In Chicago
344,KovZpZAEdntA,0.03531489111241907,Crypto.com Arena
345,KovZpZAJ6d1A,0.03531489111241907,Jacobs Music Center
346,KovZpZAFFt7A,0.03237198351971748,Grace Cathedral
347,rZ7HnEZ173bFA,0.03237198351971748,The Fremont Abbey
348,KovZpaoBwe,0.02942907592701589,Walker Theatre
349,KovZ917A3c0,0.02413184226015303,BMO Stadium
350,KovZ917AAD7,0.02413184226015303,Sams Town Live
351,rZ7HnEZ171ZA7,0.022366097704532076,Burlington Bar
352,rZ7HnEZ178PbA,0.022366097704532076,Hill Country Live
353,rZ7HnEZ173bk4,0.022366097704532076,Barboza
354,KovZpZAJaJ7A,0.020011771630370805,Mat Franco Theater at The Linq
355,KovZ917AJpm,0.020011771630370805,Presence Stadium
356,KovZ917Ah1Z,0.017068864037669218,Entertainment & Sports Arena
357,KovZ917ALJb,0.01353737492642731,Charles E. Smith Center
358,KovZpZAF77JA,0.01353737492642731,Hinkle Fieldhouse
359,KovZ917AY7l,0.01353737492642731,The Jungle
360,KovZpZAF7vIA,0.01353737492642731,Roof At the Case Center
361,KovZpZA1evEA,0.01353737492642731,Seattle University Redhawk Center
362,KovZpZAJIJ6A,0.01353737492642731,Tudor Fieldhouse
363,KovZ917APcI,0.01353737492642731,Wayne State Fieldhouse
364,KovZpZAJanIA,0.012948793407886992,Flamingo Showroom at Flamingo Las Vegas
365,KovZpZAJaJFA,0.012360211889346674,Rio Showroom at Rio Las Vegas
366,KovZpZAJaldA,0.012360211889346674,Chippendales Theater at Rio Las Vegas
367,KovZ917Amxf,0.012360211889346674,DiscoShow at The Linq
368,KovZpZAE7daA,0.012360211889346674,Tbaal Room T 314
369,KovZpZAJadIA,0.011183048852266038,Excalibur Hotel and Casino
370,KovZ917AQTC,0.011183048852266038,BattleBots Arena Behind Horseshoe Las Vegas
371,rZ7HnEZ17fdFg,0.01059446733372572,Maranatha Chapel
372,KovZ917AcjI,0.01059446733372572,World Stage Theater at the Museum of the Bible
373,rZ7HnEZ17f8O4,0.01059446733372572,Rock Church
374,KovZpZAa1lEA,0.01059446733372572,House of Hope
375,KovZpZAJanEA,0.010005885815185403,Penn & Teller Theater at Rio Las Vegas
376,KovZ917A2F0,0.010005885815185403,Criss Angel Theater at Planet Hollywood
377,KovZ917A9C7,0.010005885815185403,Erickson Theatre Off Broadway
378,KovZpZAEAAtA,0.009417304296645085,Ohio State University Ice Rink
379,KovZpZAEknnA,0.00824014125956445,Lumen Field
380,KovZpZA7danA,0.007062978222483814,Michael Jackson ONE Theatre at Mandalay Bay Resort and Casino
381,KovZpZAJadJA,0.007062978222483814,KA Theatre at MGM Grand Hotel and Casino
382,KovZpZAJFJJA,0.007062978222483814,New York-New York Theater
383,KovZ917App7,0.007062978222483814,The Spiegeltent at Caesars Palace
384,KovZpaFG3e,0.007062978222483814,'O' Theatre at Bellagio Las Vegas
385,KovZ917A-LH,0.007062978222483814,Covelli Center Columbus
386,KovZpa2yme,0.007062978222483814,Lincoln Financial Field
387,KovZ917A-SI,0.003531489111241907,Atomic Saloon in the Grand Canal Shoppes
388,KovZpakSie,0.002354326074161271,Indiana Convention Center
389,KovZpZAF6eJA,0.002354326074161271,Nashville Municipal Auditorium
390,KovZ917ALsI,0.002354326074161271,Las Vegas Ballpark
391,KovZpa2BVe,0.002354326074161271,Huntington Park
392,KovZpa30Oe,0.0011771630370806356,Awakening Theater at Wynn Las Vegas
393,KovZpZAdEInA,0.0011771630370806356,SAHARA THEATRE AT SAHARA LAS VEGAS
394,KovZpZAFFldA,0.0005885815185403178,Titanic: The Artifact Exhibition at Luxor Hotel and Casino
395,KovZpa3TUe,0.0005885815185403178,Bodies:  The Exhibition at Luxor Hotel and Casino
396,KovZpaFrke,0.0005885815185403178,Shell Energy Stadium
397,KovZpZAE6taA,0.0005885815185403178,Marines Memorial Theatre
398,KovZpZA7eaIA,0.0,Caribe Royale Orlando
399,KovZpZAEAd1A,0.0,Bethel Woods Center for the Arts
400,KovZpZAdnEEA,0.0,Koessler Athletic Center At Canisius University
401,KovZpZAEAA1A,0.0,House of Blues Cleveland
402,KovZ917AGpf,0.0,GLC Live at 20 Monroe
403,KovZpaFIme,0.0,House of Blues Orlando
404,KovZ917ARFJ,0.0,PPL Center
405,KovZpZAE67kA,0.0,Exactech Arena at the Stephen C. O'Connell Center
406,rZ7HnEZ17F44V,0.0,Circus Vazquez - Citi Field
407,rZ7HnEZ173fr4,0.0,Lil' Indies
408,rZ7HnEZ17kAAf,0.0,Lovin' Cup
409,KovZpaoUze,0.0,Bryce Jordan Center
410,KovZpZAFdJdA,0.0,F.M. Kirby Center
411,KovZ917A-mZ,0.0,Gateway Center Arena
412,KovZ917APg3,0.0,The Andrew J Brady Music Center
413,KovZpa3rme,0.0,Birchmere
414,KovZpZAEvEEA,0.0,Kia Center
415,KovZ917AJge,0.0,UB Center for the Arts - Mainstage Theatre
416,KovZpZAFdIaA,0.0,Tilson Auditorium
417,KovZpaoSYe,0.0,Chrysler Hall
418,KovZ917AhRn,0.0,Angel Of The Winds Arena
419,KovZ917AJ4r,0.0,Columbia County Performing Arts Center
420,KovZ917ARvk,0.0,The Bell House
421,KovZpZA7eJkA,0.0,Music Farm
422,KovZpZAFFktA,0.0,Stockton BallPark
423,KovZpZA6ta6A,0.0,Landers Center 
424,KovZpZAdJalA,0.0,The Palace Theatre Albany
425,KovZpZAJ6ekA,0.0,Chaifetz Arena
426,KovZpZAJEa1A,0.0,Packard Music Hall
427,rZ7HnEZa5n1,0.0,SPACE
428,rZ7HnEZ174zuz,0.0,Snug Harbor Jazz Bistro
429,KovZpa2Wre,0.0,Paycom Center
430,KovZpZAJevIA,0.0,Old National Events Plaza
431,KovZ917A887,0.0,The Van Buren
432,KovZ917AEqX,0.0,Mullett Arena 
433,KovZpZAtv1nA,0.0,Antone's Nightclub
434,KovZ917AJZU,0.0,Knitting Factory - Boise
435,KovZpZAaatIA,0.0,Blueberry Hill Duck Room
436,KovZpZAEA67A,0.0,House of Blues Anaheim
437,KovZ917AGff,0.0,Constellation Room
438,rZ7HnEZ17oUCA,0.0,The Liberty
439,KovZpZAanJtA,0.0,Kiva Auditorium at the Albuquerque Convention Center
440,rZ7HnEZa7Re,0.0,Ventura Theater
441,KovZpZAFAIEA,0.0,City National Grove of Anaheim
442,rZ7HnEZ178sjP,0.0,Hollywood Improv (The Lab)
443,rZ7HnEZ178wGA,0.0,Belly Up
444,rZ7HnEZ178Ex4,0.0,Irvine Improv
445,rZ7HnEZ173koA,0.0,The Venice West
446,rZ7HnEZ178034,0.0,Blue Note Hawaii
447,rZ7HnEZ178sj4,0.0,Hollywood Improv (The Main Room) 
448,KovZpZAEAEJA,0.0,The Museum at Bethel Woods
449,KovZ917Am4e,0.0,"The Paramount Theatre (Middletown, NY)"
450,KovZpZAdnvlA,0.0,Toby's Dinner Theatre Columbia
451,KovZpaGjIe,0.0,VSU Multi-Purpose Center
452,KovZpZAF6ttA,0.0,U.S. Bank Stadium
453,KovZpZA6taeA,0.0,PPG Paints Arena
454,KovZpZA6tFlA,0.0,The Fillmore Silver Spring
455,KovZpZAE76EA,0.0,EagleBank Arena
456,KovZ917APye,0.0,UBS Arena
457,KovZpZAE67AA,0.0,VyStar Veterans Memorial Arena
458,KovZpZAJkdJA,0.0,University of Dayton Arena
459,KovZ917A_J7,0.0,Spirit Hall
460,KovZpa9qHe,0.0,Whitney Hall
461,KovZpZA6AEIA,0.0,Spectrum Center 
462,KovZ917AIsk,0.0,Martire Family Arena 
463,KovZpZA1ltEA,0.0,Palace Theatre Stamford
464,KovZpaowGe,0.0,West Herr Auditorium Theatre at West Herr Performing Arts Center
465,KovZpa4xGe,0.0,University at Buffalo - Alumni Arena
466,KovZpZAaFEaA,0.0,KeyBank Center
467,rZ7HnEZ17FNaA,0.0,The Abbey
468,KovZpZAF7nkA,0.0,Mizzou Arena
469,KovZpZAdJ16A,0.0,Reverb
470,KovZpZAEkAvA,0.0,Yuengling Center
471,KovZpZA6k7IA,0.0,Amalie Arena
472,KovZpZAEk6tA,0.0,The Louisville Palace
473,KovZpZAEkAEA,0.0,Spartanburg Memorial Auditorium
474,KovZ917A8C7,0.0,Hackensack Meridian Health Theatre at the Count Basie Center 
475,KovZpZAJF7AA,0.0,Tennessee Theatre
476,KovZpZA1eE1A,0.0,Food City Center
477,KovZpZAEAEtA,0.0,The Paramount
478,KovZpaowOe,0.0,Broome County Forum Theatre
479,KovZpZAaaFJA,0.0,Iowa State Cyclones - Hilton Coliseum
480,KovZpZAJA6FA,0.0,Huntington Center
481,KovZpZAF6tkA,0.0,Hershey Theatre
482,KovZpZAFd1tA,0.0,Attucks Theatre
483,KovZpa3mee,0.0,State Theatre
484,KovZpZAJdEvA,0.0,The Santander Performing Arts Center 
485,KovZpZAEAknA,0.0,DeVos Performance Hall
486,KovZ917AJEY,0.0,The Haller Club at The Parker
487,KovZ917AJIC,0.0,The Place To Be at The Parker
488,KovZpZAJk7IA,0.0,The Depot
489,KovZpa4xOe,0.0,Kodak Center
490,rZ7HnEZ17f9Og,0.0,Heights Theater
491,rZ7HnEZ17FPfV,0.0,The Southgate House Revival - Sanctuary
492,rZ7HnEZ178FFA,0.0,Reverb
493,rZ7HnEZ173f-g,0.0,First West
494,rZ7HnEZaAnS,0.0,Club Cafe
495,KovZpZAJ61EA,0.0,UW - Milwaukee Panther Arena 
496,KovZpZAF7anA,0.0,CFSB Center
497,KovZpaogfe,0.0,Springfield Symphony Hall
498,KovZ917A-wx,0.0,Seminole Hard Rock Tampa Event Center
499,KovZpa2Wfe,0.0,Credit Union of Texas Event Center
500,KovZpZA6AJdA,0.0,Xcel Energy Center
501,KovZ917APwI,0.0,The Factory
502,KovZpZAdEEIA,0.0,BJCC Concert Hall
503,KovZpZAFkJlA,0.0,Pensacola Saenger Theatre
504,rZ7HnEZ173aaP,0.0,Hobart Art Theatre
505,KovZpa3aIe,0.0,Fox Cities PAC
506,KovZpa2gGe,0.0,Amica Mutual Pavilion
507,KovZ917AOAw,0.0,Dickies Arena
508,KovZpaoXxe,0.0,Music Hall Kansas City
509,KovZpZAdanaA,0.0,North Theatre at North Shore Center for the Performing Arts     
510,KovZpZAE617A,0.0,Footprint Center
511,KovZpZAdJInA,0.0,Desert Financial Arena
512,KovZpaFnje,0.0,KFC Yum! Center
513,KovZpZAa11tA,0.0,Orpheum Theater
514,KovZpZAEetIA,0.0,ExtraMile Arena
515,rZ7HnEZadkE,0.0,Tipitina's
516,rZ7HnEZ17feC4,0.0,The Hall
517,KovZpZAdlFaA,0.0,Rialto Theatre-Tucson
518,KovZpZAE6v1A,0.0,ASU Gammage
519,KovZpZAaI1eA,0.0,Centennial Hall
520,KovZpZAEkAJA,0.0,Littlejohn Coliseum
521,rZ7HnEZ17oxvP,0.0,Valley Bar
522,KovZpZA1l1FA,0.0,Fox Fine Arts Recital Hall
523,KovZpZAdlFFA,0.0,Nile Theater
524,KovZpaF28e,0.0,Harveys Cabaret at Harveys Lake Tahoe
525,KovZ917AP-3,0.0,Eldorado Showroom at Eldorado Casino Reno
526,KovZpZAEF76A,0.0,Golden 1 Center
527,rZ7HnEZ17fFZP,0.0,Water of Life Church
528,KovZ917A-Tn,0.0,Acrisure Arena at Greater Palm Springs
529,KovZ917Ai8b,0.0,Tahoe Blue Event Center
530,KovZ917Acq0,0.0,Intuit Dome
531,KovZ917AJue,0.0,YouTube Theater
532,rZ7HnEZa7Yy,0.0,Catalina Bar & Grill
533,rZ7HnEZaA17,0.0,Dante's
534,KovZpap83e,0.0,TU Arena
535,KovZ917APWk,0.0,Protective Stadium
536,KovZpa44be,0.0,Murphy Center
537,KovZpZA6t76A,0.0,Legacy Arena at The BJCC 
538,KovZpZAaaInA,0.0,IMAX THEATRE at TROPICANA
539,KovZpZA6kvlA,0.0,Gillette Stadium
540,KovZpa3-Ce,0.0,Appalachian Wireless Arena (Formerly Eastern Kentucky Expo Ctr)
541,KovZpZA11tIA,0.0,Hill Field House
542,KovZpZAdEkEA,0.0,MJ Nesheiwat Convention Center
543,KovZ917AJDJ,0.0,Lovedraft's Brewing Co.
544,KovZpZAEkInA,0.0,McAllen Convention Center
545,KovZpZAEkaJA,0.0,VBC Mark C Smith Concert Hall
546,KovZ917AOpe,0.0,UPMC Events Center
547,KovZpZAEkAnA,0.0,North Charleston Performing Arts Center
548,KovZpZA6taEA,0.0,Total Mortgage Arena
549,KovZpZA77eEA,0.0,Upstate Medical University Arena at The Oncenter War Memorial
550,KovZpZA7deEA,0.0,Nassau Veterans Memorial Coliseum
551,KovZpZA77ldA,0.0,Brooklyn Paramount
552,KovZpZAEktIA,0.0,The Lerner Theatre
553,KovZ917ARTD,0.0,Universoul Circus - Cleveland
554,KovZ917Ac6b,0.0,The Hook at Caesars Atlantic City
555,KovZpa3eBe,0.0,Varsity Theater
556,KovZpakwJe,0.0,Blue Cross Arena
557,KovZpaoMee,0.0,Mohegan Arena at Casey Plaza
558,KovZpZAdFatA,0.0,Dow Event Center
559,KovZ917AtP3,0.0,Barclays Center
560,KovZpZAEkJeA,0.0,Hard Rock Live Orlando
561,KovZpZAE7EvA,0.0,Truist Arena
562,KovZpZA6tdJA,0.0,Heritage Bank Center
563,KovZpZAaIlvA,0.0,FRANCIS-BOOTH EXPERIMENTAL THEATRE
564,KovZpZAEkFtA,0.0,Toyota Oakdale Theatre
565,KovZpa4PZe,0.0,St. George Theatre
566,KovZpZAFdldA,0.0,Landmark Theatre
567,rZ7HnEZ178E0A,0.0,Pittsburgh Improv
568,KovZ917AJuG,0.0,Jimmy's Jazz and Blues Club
569,KovZ917AmVB,0.0,Fishers Event Center
570,KovZ917AJnQ,0.0,Crystal Ballroom at Somerville Theatre
571,KovZpZAEkAeA,0.0,Hertz Arena
572,KovZpZAJtFaA,0.0,Kaseya Center
573,KovZpZAEkdvA,0.0,Gas South Arena
574,KovZ917ANwG,0.0,Moody Center ATX
575,KovZpZA1vt6A,0.0,The Charleston Music Hall
576,KovZpZAIetFA,0.0,Brooklyn Bowl
577,KovZpaFtpe,0.0,Palladium Times Square 
578,rZ7HnEZ178AZ4,0.0,Lafayette's Music Room - Memphis
579,rZ7HnEZ17fevg,0.0,Word of Life Church
580,KovZpa2BOe,0.0,Rosemont Theatre
581,KovZpZAF7aIA,0.0,Betty Engelstad Sioux Center
582,KovZ917A_fV,0.0,Fiserv Forum
583,KovZpZAJvIeA,0.0,The Wellmont Theater
584,KovZpZAE7edA,0.0,Baxter Arena
585,KovZpZAE7vaA,0.0,Prudential Center
586,KovZpZAEAkkA,0.0,Ames Center
587,KovZpakWUe,0.0,CHI Health Center Omaha
588,KovZpZAJEvnA,0.0,Orpheum Theatre Sioux City
589,KovZ917A-HC,0.0,The Union
590,rZ7HnEZ1734-A,0.0,The Merry Widow
591,KovZ917APzk,0.0,Barleycorn's
592,KovZpZAEe1eA,0.0,Matthew Knight Arena
593,KovZpZAJ7AnA,0.0,NMSU Pan American Center
594,KovZpZAE7evA,0.0,Target Center
595,KovZpZAE6eIA,0.0,Maverik Center
596,rZ7HnEZ17oFZ4,0.0,Crescent Ballroom
597,rZ7HnEZ17qkPV,0.0,Chickie Wah Wah
598,KovZpZAEk7lA,0.0,Arizona Financial Theatre
599,KovZpZAJelvA,0.0,SAP Center at San Jose
600,KovZpZAEkFIA,0.0,Punch Line Comedy Club - Sacramento
601,KovZ917AEgk,0.0,Tech CU Arena
602,KovZ917AJup,0.0,SAFE Credit Union Performing Arts Center
603,KovZpZAF6JkA,0.0,The Observatory
604,KovZpakTme,0.0,Honda Center
605,KovZpZAEA6lA,0.0,Fox Performing Arts Center
606,KovZpZA6t7dA,0.0,Save Mart Center
607,KovZpZAJk71A,0.0,San Jose Civic
608,rZ7HnEZ17aYjV,0.0,The Coach House
609,KovZ917Atrk,0.0,The Sound
610,KovZpZAFdI1A,0.0,John E Worthen Arena
611,KovZ917AIWj,0.0,Fair Grounds Race Course
612,KovZpZAFdlaA,0.0,Niagara University Gallagher Center
613,KovZ917Ax13,0.0,Roxian Theatre
614,rZ7HnEZ17fob4,0.0,CHS Field
615,rZ7HnEZ17qpv7,0.0,Joliet Slammers Stadium
616,KovZpZAJe6dA,0.0,CFG Bank Arena
617,KovZpZA6tavA,0.0,Charleston Coliseum
618,KovZpZAEkA6A,0.0,Ovens Auditorium
619,KovZpZAJvnIA,0.0,Harrah's Cherokee Center - Asheville
620,KovZpZAdt7AA,0.0,The Stone Pony
621,KovZpZAF6knA,0.0,MVP Arena
622,KovZpZAdnEtA,0.0,The Wonder Bar
623,KovZ917AI9w,0.0,Brooklyn Made
624,rZ7HnEZ17FoOA,0.0,The Magic Bag
625,rZ7HnEZa7LQ,0.0,Middle East - Upstairs
626,rZ7HnEZ173ePg,0.0,Broken Goblet
627,rZ7HnEZ1739j4,0.0,Abba's House
628,rZ7HnEZ17_bvd,0.0,London Bridge Church
629,KovZpa2gOe,0.0,Scope Arena
630,KovZpZAEAlkA,0.0,Van Andel Arena
631,KovZ917Atj7,0.0,NorthRidge Church
632,KovZpZAEAklA,0.0,OU Credit Union O'rena
633,KovZ917A0Wp,0.0,Savannah Civic Center - Johnny Mercer Theatre
634,KovZpZAFkdIA,0.0,Memorial Coliseum
635,KovZ917A5LV,0.0,The Theater at MGM National Harbor
636,KovZpZAIvl1A,0.0,Ludlow Garage Cincinnati
637,KovZpZAEkJaA,0.0,Jacksonville Center for the Performing Arts - Jacoby Hall
638,KovZpZAE677A,0.0,Jacksonville Center for the Performing Arts - Moran Theater
639,KovZ917AtJx,0.0,Empire Underground
640,KovZ917AR00,0.0,Frank J. Pasquerilla Conference Center
641,KovZpa2X8e,0.0,DPAC - Durham Performing Arts Center
642,KovZ917AIq8,0.0,Crown Theatre
643,KovZpZA7vdIA,0.0,Memorial Hall
644,KovZpZAEkFlA,0.0,Great Cedar Showroom at Foxwoods Resort Casino
645,KovZpZAE6e6A,0.0,Premier Theater at Foxwoods Resort Casino
646,KovZpZAIEntA,0.0,The Walker Theatre
647,KovZpa6Vxe,0.0,New Jersey Performing Arts Center
648,KovZpaoSFe,0.0,Shea's 710 Theatre
649,KovZpa6Bre,0.0,Sanford Pentagon
650,KovZpZAF6t7A,0.0,The Pullo Center 
651,KovZpZA6AEaA,0.0,Hard Rock Live
652,KovZpZAdE1eA,0.0,Duke Energy Center for the Arts - Mahaffey Theater
653,KovZ917A-xJ,0.0,Old Forester's Paristown Hall
654,KovZpZAEk7EA,0.0,Mercury Ballroom
655,KovZpa4fJe,0.0,Baltimore Soundstage
656,KovZpZA1ll1A,0.0,Pelham Civic Complex
657,KovZ917ARno,0.0,The Vault at Capital One Hall
658,KovZpZAE6eEA,0.0,Von Braun Center Propst Arena
659,KovZpZAJJEdA,0.0,Frost Bank Center
660,KovZpZAJE7nA,0.0,Jefferson Theatre
661,KovZpZAEAEeA,0.0,Emo's Austin
662,KovZpZAIIvEA,0.0,The Underground
663,KovZ917Ax6H,0.0,The Capitol Theatre
664,KovZ917AE5C,0.0,Turner Theater
665,KovZpZA6t7eA,0.0,Brookshire Grocery Arena
666,KovZpZAE6vlA,0.0,FedExForum
667,KovZpZAE6vtA,0.0,House of Blues New Orleans 
668,KovZpZAE7FaA,0.0,First National Bank Arena
669,KovZpaFeje,0.0,Tilles Center Concert Hall
670,rZ7HnEZ178E0P,0.0,Chicago Improv
671,rZ7HnEZ173A8A,0.0,The Winchester
672,rZ7HnEZ17otZP,0.0,Ottobar
673,rZ7HnEZ17q4Cf,0.0,Lake Geneva Christian Center
674,rZ7HnEZ17__Fd,0.0,Huntsville Levity Live
675,rZ7HnEZ17oSOg,0.0,Prairie Band Casino and Resort
676,rZ7HnEZae0A,0.0,Beachland Ballroom
677,rZ7HnEZ17fpA4,0.0,The Hawthorn
678,KovZpZA16lAA,0.0,Jefferson Theater
679,KovZ917AP1r,0.0,Wally's
680,KovZ917Axcj,0.0,Elevation 27
681,KovZpZAIIEaA,0.0,Family Arena
682,KovZpZAF7IIA,0.0,Hoyt Sherman Place
683,KovZpZAJAl7A,0.0,Denny Sanford PREMIER Center
684,KovZpZAJEaEA,0.0,Vibrant Arena at the Mark
685,KovZ917A91V,0.0,Bloomington Center for the Performing Arts
686,KovZpZAEkaIA,0.0,Montgomery Performing Arts Centre
687,KovZpZAJ1eaA,0.0,Jo Long Theatre
688,rZ7HnEZ17aaq7,0.0,Fete Music Hall
689,rZ7HnEZ178Ve4,0.0,Garden Amphitheatre
690,KovZpZA6AJ7A,0.0,The Pageant
691,KovZpZAA1JnA,0.0,Dudley Riggs Theatre
692,KovZpa3sre,0.0,Uptown Theater
693,KovZ917AmTb,0.0,Stride Bank Center
694,KovZpZAJdEEA,0.0,Stephens Auditorium
695,KovZpZAFAdlA,0.0,Rialto Square Theatre
696,KovZpZAE7IJA,0.0,Iron City
697,KovZpZAE7dtA,0.0,Colonial Life Arena
698,KovZ917AI6i,0.0,1884 Lounge
699,KovZpZAE6vIA,0.0,Saenger Theatre Mobile
700,KovZ917AJuV,0.0,Revolution Concert House & Event Center
701,KovZpa3WVe,0.0,Deadwood Mountain Grand
702,rZ7HnEZ17o3OP,0.0,Purple Room Supper Club
703,rZ7HnEZadnq,0.0,Howlin' Wolf
704,rZ7HnEZ173bOA,0.0,Chelsea’s Live
705,KovZpZAEAlaA,0.0,Hollywood Palladium
706,KovZpa2MCe,0.0,Allstate Arena
707,KovZpZAt6ndA,0.0,191 Toole
708,KovZpZAEkFkA,0.0,Texas Club
709,KovZpZAEA6FA,0.0,Riverside Municipal Auditorium
710,KovZ917AOww,0.0,The Magnolia
711,KovZpa30Ve,0.0,Grand Sierra Resort and Casino
712,KovZpZAanJeA,0.0,Bob Hope Theatre
713,rZ7HnEZa7IO,0.0,Neurolux Lounge
714,rZ7HnEZ17qoZ0,0.0,The Historic Lobo Theater Lounge and Event Center
715,KovZ917AGEf,0.0,The Parish at House of Blues Anaheim
716,KovZpZAFkvJA,0.0,Pantages Theater
717,KovZ917AP-J,0.0,Laugh Factory at the Silver Legacy Casino
718,KovZpaKoXe,0.0,Fox Theater - Oakland
719,rZ7HnEZ178y4A,0.0,Jack London Revue
720,rZ7HnEZ17fS8P,0.0,The Showdown
721,rZ7HnEZ178ExA,0.0,Brea Improv
722,rZ7HnEZ178EPP,0.0,Ontario Improv
723,KovZpZAdE17A,0.0,William a Egan Civic and Convention Center
724,rZ7HnEZ178pq4,0.0,Star Theater
725,KovZpZAEk6IA,0.0,Bogart's
726,KovZpZAFAl7A,0.0,Bojangles Coliseum
727,KovZ917AIq0,0.0,Crown Coliseum
728,KovZ917AI03,0.0,William H. Pitt Center
729,KovZpZAJF7nA,0.0,XL CENTER
730,KovZpZAFdl7A,0.0,Shea's Performing Arts Center
731,KovZpaFGYe,0.0,Visions Veterans Memorial Arena
732,KovZpaowee,0.0,The Stanley
733,KovZpZAdJtAA,0.0,Warsaw
734,KovZpaFeJe,0.0,HARBORCENTER
735,rZ7HnEZ17_t4S,0.0,Love Story Church
736,rZ7HnEZ17o-QA,0.0,The Sanctuary Detroit
737,rZ7HnEZ17oJA4,0.0,Raleigh Improv
738,KovZpZAanevA,0.0,TempleLive Cleveland Masonic
739,KovZpZAEAIFA,0.0,Cross Insurance Center
740,KovZpZAanFdA,0.0,Silver Creek Event Center at Four Winds New Buffalo
741,KovZ917AtLe,0.0,The Naz Church
742,KovZ917A59V,0.0,Goodyear Theater
743,KovZpZAJEInA,0.0,Bon Secours Wellness Arena 
744,KovZpZAEkenA,0.0,North Charleston Coliseum
745,KovZpZA1JnFA,0.0,Knoxville Civic Coliseum
746,KovZpZA6kvJA,0.0,DCU Center
747,KovZpa39be,0.0,1st SUMMIT ARENA at Cambria County War Memorial
748,KovZpa4gme,0.0,Albany Municipal Auditorium
749,KovZpZAJ6knA,0.0,Hollywood Casino at Charles Town Races
750,KovZ917AIfX,0.0,Riverfront Live
751,KovZpZAJn77A,0.0,The Maryland Theatre
752,KovZpZAEkkeA,0.0,Township Auditorium
753,KovZ917ALBC,0.0,Steven Tanger Center for the Performing Arts
754,rZ7HnEZ17_KPN,0.0,Madison Live (734)
755,rZ7HnEZ178EPA,0.0,West Nyack Levity Live
756,KovZpZAJd6aA,0.0,Chevalier Theatre
757,KovZpaFd7e,0.0,Salem Civic Center
758,KovZpZAEAFAA,0.0,FPL Solar Amphitheater at Bayfront Park
759,KovZ917Atoj,0.0,The Studio at Mizner Park
760,KovZ917A2G0,0.0,Charles F. Dodge City Center Pembroke Pines
761,KovZpZA6keEA,0.0,Allen County War Memorial Coliseum
762,KovZ917AJUF,0.0,Enmarket Arena
763,KovZpZAJdtFA,0.0,Winston-Salem Fairgrounds
764,KovZpZAkEkvA,0.0,Bethesda Theater
765,KovZpZAIE7nA,0.0,The Lyric Theatre
766,KovZpZAJIndA,0.0,BOK Center
767,KovZ917A_PV,0.0,The Funhouse at Mr. Smalls
768,KovZpZAJJn6A,0.0,H-E-B Center at Cedar Park
769,KovZ917AxrJ,0.0,The Senate
770,KovZ917ARZZ,0.0,The 720 Room
771,KovZpZA6taIA,0.0,Mohegan Sun Arena
772,KovZ917AxIJ,0.0,The Vogel at Count Basie Center for the Arts
773,KovZpZAEeAIA,0.0,Albertsons Stadium
774,KovZpZAFdaEA,0.0,Shea's Smith Theatre
775,KovZpZAEAEaA,0.0,Flagstar at Westbury Music Fair
776,KovZpaowVe,0.0,Vernon Downs
777,KovZpZAFdlJA,0.0,The Event Center at Turning Stone Resort Casino
778,KovZpZAFdlEA,0.0,Seneca Niagara Resort & Casino Event Center
779,KovZpZAdJanA,0.0,Seneca Niagara Resort & Casino Bears Den
780,rZ7HnEZ173e3A,0.0,Milwaukee Improv (Main Room)
781,rZ7HnEZ17f6bg,0.0,Central Church - Sioux Falls
782,rZ7HnEZ1739fP,0.0,Off The Rails Music Venue
783,rZ7HnEZ173b_g,0.0,Mosaic Church - Clarksville
784,rZ7HnEZ17F0oA,0.0,The Pyramid Scheme
785,rZ7HnEZaePs,0.0,Beachland Tavern
786,KovZpZAaFnJA,0.0,Somerville Theatre
787,KovZ917ALxH,0.0,The Armory at MGM Springfield
788,KovZpapVCe,0.0,Borgata Event Center
789,KovZpaoMOe,0.0,The Wind Creek Event Center 
790,KovZpZA17JlA,0.0,XL Live
791,KovZpZAF6tlA,0.0,Cable Dahmer Arena
792,KovZpa3die,0.0,Stifel Theatre
793,KovZpZAEdalA,0.0,La Crosse Center
794,KovZ917AQTx,0.0,Ho-Chunk Gaming Black River Falls
795,KovZ917AmEr,0.0,Lori's Road House
796,KovZ917Ah9F,0.0,Sound Waves at Hard Rock Hotel & Casino Atlantic City
797,KovZpa9ire,0.0,Music Box at the Borgata
798,KovZ917AI3H,0.0,Mickey's Black Box
799,KovZpZAF7aJA,0.0,Pantages Theatre
800,KovZpakSUe,0.0,Orpheum Theatre
801,KovZpZA1EIEA,0.0,The Southern Cafe & Music Hall
802,KovZpa4tUe,0.0,Lynn Auditorium
803,KovZpZAF6FlA,0.0,Penn's Peak
804,KovZpZAEAlAA,0.0,Andiamo Celebrity Showroom
805,KovZ917ACjf,0.0,Seminole Center
806,KovZpZAEvlAA,0.0,Aventura Arts & Cultural Center
807,KovZpZAEkedA,0.0,The Fillmore Miami Beach at Jackie Gleason Theater
808,KovZpZA7keEA,0.0,Alerus Center
809,KovZpZAJAnIA,0.0,MGM Northfield Park - Center Stage
810,KovZpa3QXe,0.0,Bell Auditorium
811,KovZpZAEkF6A,0.0,Pensacola Bay Center
812,KovZpZAEkFFA,0.0,Mississippi Coast Coliseum
813,KovZpZAF7nEA,0.0,Scheels Arena
814,KovZpa3dCe,0.0,Mayo Clinic Health System Event Center
815,KovZpZA6AJkA,0.0,Peoria Civic Center
816,KovZpZAJEavA,0.0,Aztec Theatre 
817,KovZpaFOBe,0.0,Robinson Center
818,rZ7HnEZ17otAg,0.0,Market Hotel 
819,rZ7HnEZ174yPI,0.0,Solaris Beer & Blending
820,rZ7HnEZ17_ovK,0.0,RallyPoint
821,rZ7HnEZ178MoA,0.0,Addison Improv
822,KovZpZAEAkAA,0.0,Topeka Performing Arts Center
823,KovZpZA1FldA,0.0,Center Theatre at North Shore Center for the Performing Arts
824,KovZpZAEAk1A,0.0,Wilson Theater at Vogel Hall
825,KovZpZAF6FJA,0.0,Tropicana Showroom at Tropicana Atlantic City
826,KovZpZA6AEAA,0.0,Comerica Center
827,KovZpZAEAk6A,0.0,United Wireless Arena
828,KovZpZA771IA,0.0,American Bank Center Arena
829,KovZpZAdEEEA,0.0,Alabama Theatre
830,KovZpa3N8e,0.0,Chandler Center for the Arts
831,KovZ917A5i7,0.0,McAllen Performing Arts Center
832,KovZpZAF67IA,0.0,L'Auberge Casino & Hotel Baton Rouge 
833,KovZpZA1eEJA,0.0,Shreveport Municipal Memorial Auditorium
834,KovZ917AEIY,0.0,Hollywood Casino Gulf Coast
835,KovZpZAJItIA,0.0,Minglewood Hall
836,KovZpZA6tdlA,0.0,Raising Canes River Center Arena
837,KovZpZAJAJAA,0.0,Smoothie King Center
838,KovZpa61pe,0.0,Simmons Bank Arena
839,KovZ917AqfY,0.0,Templelive Fort Smith
840,KovZpZAaI16A,0.0,ArcBest Corporation Performing Arts Center - Fort Smith
841,KovZpa3Ize,0.0,Duling Hall
842,KovZpZAE7IFA,0.0,Morrison Center for the Performing Arts
843,rZ7HnEZ173pog,0.0,Tuffy's Music Box
844,rZ7HnEZ17_apd,0.0,Diamondback Music Hall
845,rZ7HnEZa7S8,0.0,Just the Funny
846,rZ7HnEZ173__A,0.0,Transplants Brewing Company
847,KovZ917AJP8,0.0,Shrine at Foxwoods
848,KovZ917A-Rm,0.0,Rose Music Hall
849,KovZpZAaE7kA,0.0,High Noon Saloon
850,KovZpZAantEA,0.0,The Blue Note
851,KovZpZAF76tA,0.0,State Theatre
852,KovZ917AQBC,0.0,The Sylvee
853,KovZpZAdlIeA,0.0,Events Center 
854,KovZ917AEVr,0.0,Tannahill's Tavern and Music Hall
855,KovZpZAEvntA,0.0,Choctaw Grand Theater
856,KovZpa3VBe,0.0,Abraham Chavez Theatre
857,KovZpZAF7IaA,0.0,Jackpot Junction Casino Hotel
858,KovZpZAJdFFA,0.0,River City Casino & Hotel
859,KovZpZAalItA,0.0,Orpheum Theater
860,KovZpZAF6vlA,0.0,Showroom at Casino Arizona
861,KovZpa61Oe,0.0,Tucson Arena
862,KovZ917AcMO,0.0,Ford Ice Center Bellevue
863,KovZ917AJ17,0.0,Capital One Hall
864,KovZpZAEkJ6A,0.0,Peabody Auditorium
865,KovZpaF5Ge,0.0,Bijou Theatre
866,KovZpZA1EvFA,0.0,Jon M Huntsman Center
867,KovZ917ARMc,0.0,Ice Time Sports Complex
868,KovZpaFhFe,0.0,Ulster Performing Arts Center
869,rZ7HnEZ173kFA,0.0,Showplace Theater
870,rZ7HnEZ17f0AA,0.0,District 142
871,rZ7HnEZ17Fw87,0.0,The Loving Touch
872,rZ7HnEZakpU,0.0,Conduit
873,KovZ917AJfx,0.0,Tally Ho Theater
874,KovZpZAF7t7A,0.0,CH Mayo Presentation Hall at Mayo Civic Center
875,KovZpZAFdE1A,0.0,Akron Civic Theatre
876,KovZpaoy7e,0.0,Coronado Theatre
877,KovZpZAEA7AA,0.0,Republic Bank Performing Arts Center
878,KovZpZAJdEeA,0.0,The Santander Arena 
879,KovZpZAF77nA,0.0,Embassy Theatre
880,KovZpZA1lIdA,0.0,Wright State University Nutter Center
881,KovZpZAEAIEA,0.0,Freedom Mortgage Pavilion 
882,KovZpZA1E6EA,0.0,Paramount Theatre
883,KovZpZAFdIEA,0.0,Indiana University Auditorium
884,KovZ917ARQ0,0.0,Lehman Center for the Performing Arts
885,KovZpZAE676A,0.0,Ritz Theatre
886,KovZ917AiUn,0.0,The Astro Theater
887,KovZpaKu3e,0.0,Hippodrome at France-Merrick Performing Arts Center
888,KovZ917AIVi,0.0,Potbelly's
889,KovZpZAFa6lA,0.0,Rupp Arena
890,KovZpa3PYe,0.0,Linda Ronstadt Music Hall
891,KovZpa3hje,0.0,Bank of America Stadium
892,KovZpZAIdJ1A,0.0,Kupferberg Center for the Arts
893,KovZ917A0We,0.0,RiverPark Center
894,KovZpa3tGe,0.0,The Joy Theater
895,KovZ917ARpX,0.0,Hard Rock Live Bristol
896,KovZpZAEeA7A,0.0,Civic Theatre
897,KovZpaowne,0.0,The Showroom at Turning Stone Resort Casino
898,rZ7HnEZ17FaQ4,0.0,Whisky A Go Go
899,rZ7HnEZ17oIFg,0.0,Mixers Nightclub & Lounge
900,rZ7HnEZadFR,0.0,Grog Shop
901,rZ7HnEZ17Adq0,0.0,Mulcahy's
902,rZ7HnEZ17_pFd,0.0,"Sanctuary (Maynard, MA)"
903,rZ7HnEZ178MpA,0.0,Funk 'n Waffles
904,KovZ917A8g0,0.0,UCLA Health Training Center
905,KovZ917Ah93,0.0,Hard Rock Live at Etess Arena
906,KovZ917A2T0,0.0,The Queen
907,KovZpZAan6JA,0.0,NOW Arena
908,KovZpZAEAI1A,0.0,Caesars Atlantic City
909,KovZ917AJlp,0.0,Hard Rock Live Northern Indiana
910,KovZpZAaatFA,0.0,Bridge View Center
911,KovZpZAJvnAA,0.0,James L Knight Center
912,KovZpZAt6e7A,0.0,Delmar Hall
913,KovZpZAEAAlA,0.0,Ford Center
914,KovZpZAEAkJA,0.0,Effingham Performance Center
915,KovZpZAE6kFA,0.0,Lila Cockrell Theatre
916,KovZpZAEkF7A,0.0,Lake Charles Event Ctr Rosa Hart Theatre
917,KovZpZA6tadA,0.0,UNO Lakefront Arena
918,KovZ917A2lf,0.0,City Hall Live
919,KovZpZAdEtdA,0.0,Cadence Bank Arena
920,KovZpZAF6etA,0.0,The Orpheum Theatre Memphis
921,KovZpZA1lldA,0.0,The Wilma
922,KovZpZAJEvEA,0.0,Five Flags Center
923,KovZpZAE7eeA,0.0,T-Mobile Center
924,KovZpZAaltvA,0.0,Majestic Theatre
925,KovZpa2DJe,0.0,Enterprise Center
926,KovZpZAJvFkA,0.0,Rio Rancho Events Center
927,rZ7HnEZ178EP4,0.0,Oxnard Levity Live
928,rZ7HnEZ17_zAS,0.0,Union Boil
929,KovZpa9iHe,0.0,Golden Nugget
930,KovZpaoTHe,0.0,Mystic Lake Casino Hotel
931,KovZpZAannAA,0.0,recordBar
932,KovZpZAJ67kA,0.0,Veterans Memorial Coliseum
933,KovZpZAEkeIA,0.0,House of Blues Myrtle Beach
934,KovZpaFEre,0.0,The Fillmore Charlotte
935,KovZpZAdI16A,0.0,Beau Rivage Theatre
936,rZ7HnEZ17F_37,0.0,The Southgate House Revival - Revival Room
937,rZ7HnEZ174auI,0.0,The Stand Up Comedy Club
938,KovZpa4yfe,0.0,Arts at the Armory
939,KovZ917ANgr,0.0,Yucaipa Performing Arts Center Indoor Theatre
940,KovZ917ALJx,0.0,Fillmore New Orleans
941,rZ7HnEZ17q4C7,0.0,Denfeld Auditorium
942,rZ7HnEZ17aM4f,0.0,Howard Theatre
943,rZ7HnEZ17aP4f,0.0,The Agora Theatre 
944,rZ7HnEZ17fAAg,0.0,Faith Church - St. Louis
945,KovZpZAEAn6A,0.0,Adler Theatre
946,KovZpZAF7E1A,0.0,GEHA Field at Arrowhead Stadium
947,KovZpZAJ6lvA,0.0,Ace of Spades
948,KovZ917AtFi,0.0,The Venue at Thunder Valley Casino Resort
949,rZ7HnEZa7Om,0.0,Off Broadway
950,rZ7HnEZ178YFP,0.0,Blue Note Napa
951,KovZpZAFkIlA,0.0,Paramount Theatre-Oakland
952,rZ7HnEZ178NFg,0.0,Temblor Brewing Company
953,rZ7HnEZ17f6Zg,0.0,Santos Bar
954,KovZpa6MXe,0.0,Moda Center
955,KovZ917AR1r,0.0,Calvary Community Church Westlake
956,rZ7HnEZ17o0bg,0.0,Moe's Alley
957,KovZpZAJaJAA,0.0,South Shore Room at Harrah's Lake Tahoe
958,rZ7HnEZaeUG,0.0,WOW Hall
959,KovZpZAEkn6A,0.0,Kia Forum
960,KovZ917Acdw,0.0,Chase Fieldhouse
961,KovZpa9pJe,0.0,WakeMed Soccer Park
962,rZ7HnEZ17us8A,0.0,Tip Top Deluxe Bar & Grill
963,KovZ917AIzF,0.0,Mountain America Center
964,rZ7HnEZ17_0PK,0.0,Libertine Brewing Company
965,KovZpZAFktdA,0.0,Uptown Theatre Napa
966,KovZpZAEdJ6A,0.0,"Wilson Center, CFCC"
967,KovZ917A_-7,0.0,Chesapeake Employers Insurance Arena
968,KovZ917Acob,0.0,Pasquerilla Performing Arts Center
969,KovZpakwYe,0.0,JMA Wireless Dome 
970,rZ7HnEZ17fJkA,0.0,The Song & Dance
971,rZ7HnEZ17q4o0,0.0,Living Word International Christian Church
972,KovZpZA6kvtA,0.0,SNHU Arena
973,KovZpZAFFn6A,0.0,Donald L. Tucker Civic Center
974,KovZpaoDme,0.0,E.J. Thomas Hall - The University of Akron
975,KovZpZAFkFtA,0.0,Lexington Opera House
976,KovZ917AOlF,0.0,TempleLive Wichita
977,KovZpZAdnI6A,0.0,Liberty Hall
978,KovZpZAJk7eA,0.0,Marquee Theatre
979,KovZpZAJvIaA,0.0,Victory Theatre
980,KovZpZAFdlAA,0.0,Westchester County Center
981,KovZ917AI9Z,0.0,Elks Lodge
982,KovZpa3b1e,0.0,Marshall Health Network Arena (formerly Mountain Health Arena)
983,rZ7HnEZ17fEAP,0.0,The Premier
984,KovZpZAEAdFA,0.0,Carnesecca Arena
985,KovZpZA1JJ7A,0.0,Knoxville Civic Auditorium
986,KovZ917AOlY,0.0,CURE Insurance Arena
987,rZ7HnEZaAjt,0.0,The Crofoot Ballroom
988,rZ7HnEZ17pvuI,0.0,Gateway Church 
989,KovZ917AxCG,0.0,Oshkosh Arena
990,rZ7HnEZ17otFA,0.0,Manchester Music Hall
991,KovZpZAFAlaA,0.0,Macon Coliseum
992,rZ7HnEZ17kbqf,0.0,The Brass Mug
993,KovZ917AtJb,0.0,Empire Live
994,KovZ917Ai2B,0.0,Evangel University's Spence Chapel
995,KovZpa3PFe,0.0,ASU Kerr
996,rZ7HnEZ17ANuP,0.0,The Bug Jar
997,KovZ917A2Q7,0.0,The Pavilion at Toyota Music Factory
998,KovZ917ACmV,0.0,Idaho Central Arena
999,rZ7HnEZ17f7Zg,0.0,FITZGERALDS SIDEBAR
1000,KovZpZA6t7AA,0.0,Adventist Health Arena
1001,rZ7HnEZ17a-4f,0.0,Strummer's
1002,KovZpa34pe,0.0,Toyota Center Kennewick
1003,rZ7HnEZ178E04,0.0,San Jose Improv
1004,KovZpZAEd1IA,0.0,"Fred Kavli Theatre- B of A Performing Arts Center,Thousand Oaks"
1005,KovZpZAdtaEA,0.0,Dolby Theatre
1006,KovZpZAE67aA,0.0,Silver Spurs Arena At OHP
1007,KovZpZAEAdJA,0.0,Bergen Performing Arts Center
1008,rZ7HnEZa7P7,0.0,Small's
1009,rZ7HnEZ17bA4I,0.0,Deep Cuts
1010,KovZpZAdE6dA,0.0,GIANT Center
1011,KovZ917AEXH,0.0,The Asylum at Masonic Temple
1012,KovZpZA6A1nA,0.0,Covelli Centre
1013,KovZpa397e,0.0,Joan C Edwards Performing Arts Center
1014,KovZ917Am6B,0.0,Owens Auditorium at Bradshaw Performing Arts Center 
1015,KovZpZA77lkA,0.0,Blue Ocean Music Hall
1016,KovZpZAJ6akA,0.0,Cross Insurance Arena 
1017,rZ7HnEZ17o--g,0.0,The Vanguard
1018,rZ7HnEZ17qfPV,0.0,Agoro's
1019,rZ7HnEZ17bpuI,0.0,Lincoln Berean Church 
1020,rZ7HnEZ17_tuS,0.0,The Grainery 
1021,rZ7HnEZ17fo44,0.0,The Ritz Theater Scranton
1022,rZ7HnEZ17fpag,0.0,Cedar Valley Church - Bloomington
1023,rZ7HnEZ177e34,0.0,Blind Pig
1024,rZ7HnEZ174gpF,0.0,Warren's Backyard
1025,KovZpZAFAJJA,0.0,Genesee Theatre
1026,KovZpZAJaFkA,0.0,Levi's® Stadium
1027,KovZ917AxyZ,0.0,Stubb's Indoors
1028,KovZpa4gke,0.0,Avalon Theatre
1029,KovZpZA1eJ1A,0.0,The Rock
1030,KovZpZAFFEeA,0.0,Legends Casino Event Center
1031,KovZ917Ah8z,0.0,Ilani Cowlitz Ballroom
1032,KovZpZAF6tnA,0.0,Mid-America Center
1033,KovZpa3ife,0.0,LECOM Event Center
1034,rZ7HnEZ178EZA,0.0,Gold Sounds
1035,rZ7HnEZ1740qI,0.0,South Hills Assembly of God
1036,KovZpZAFdJAA,0.0,Scranton Cultural Center
1037,KovZ917AtLX,0.0,Uptown Theater Minneapolis
1038,KovZpZAdJIeA,0.0,The Pasadena Civic
1039,KovZpZAIEdlA,0.0,Soldiers and Sailors Memorial Auditorium
1040,KovZpZAEAA6A,0.0,Emens Auditorium
1041,KovZpZAEke1A,0.0,Gas South Theater
1042,KovZpaKBje,0.0,Meyerhoff Symphony Hall
1043,KovZpZAa1vnA,0.0,Harrah's Cherokee Resort Event Center
1044,KovZpa3Hze,0.0,Mohegan Sun Cabaret
1045,KovZpZA1nFeA,0.0,Saenger Theater Hattiesburg
1046,KovZpZAJeveA,0.0,Swyer Theatre at The Egg
1047,rZ7HnEZaeHB,0.0,Emerald Theatre
1048,rZ7HnEZ17fbZ4,0.0,Elmbrook Church
1049,rZ7HnEZ173AkA,0.0,HMAC - Capitol Room
1050,KovZpZAEA7dA,0.0,Resorts Atlantic City
1051,KovZpZAE7eaA,0.0,Grossinger Motors Arena
1052,KovZpZAdJ7JA,0.0,Flagstar Strand Theatre for the Performing Arts
1053,KovZpZAF7tvA,0.0,DECC Symphony Hall
1054,KovZ917AJle,0.0,District Live
1055,KovZpZAaatlA,0.0,The Sanford Center
1056,KovZpZAF6aJA,0.0,Ralph Engelstad Arena
1057,KovZ917Amcz,0.0,Westwego Perf Arts Theatre
1058,KovZpapY1e,0.0,Colonial Downs
1059,KovZpZAJaFeA,0.0,Desert Diamond Arena
1060,KovZpaK6Ge,0.0,IP Casino Resort and Spa
1061,KovZ917AJKY,0.0,Ed Robson Arena
1062,rZ7HnEZaAQ7,0.0,Madison Theater (730)
1063,rZ7HnEZ178sug,0.0,Joe's Live Rosemont
1064,KovZ917AcRx,0.0,The ELM
1065,KovZ917ARWt,0.0,Roger Glass Center for the Arts
1066,KovZpa3nje,0.0,Fresno Convention Center
1067,rZ7HnEZ17fOF4,0.0,Eagle's Landing First Baptist Church
1068,KovZpZAF7IAA,0.0,Roy Wilkins Auditorium at St. Paul RiverCentre
1069,KovZpaFr0e,0.0,Tyson Events Center
1070,KovZpaF0Oe,0.0,Bardavon 1869 Opera House
1071,KovZpaogZe,0.0,Harrison Opera House
1072,KovZ917AEg8,0.0,The Riviera Theater
1073,KovZpaFGBe,0.0,Tilles Center - Krasnoff Theater
1074,rZ7HnEZ17oEO4,0.0,The Gin Mill and Grille
1075,rZ7HnEZ17qp77,0.0,Centennial Hall - Augustana College
1076,KovZ917AO1w,0.0,Aria Ballroom at MGM Springfield
1077,KovZpZAFdEkA,0.0,BMO Center
1078,KovZpZAEA7FA,0.0,Harrah's Resort Atlantic City
1079,KovZpZAEktnA,0.0,Treasure Island Resort & Casino
1080,KovZpZAJdFtA,0.0,Park City Arena
1081,rZ7HnEZ17oFZP,0.0,Mesa Amphitheatre
1082,KovZ917A-n8,0.0,Jefferson Perf Arts Center
1083,KovZpZAE616A,0.0,Halloran Centre at the Orpheum Theatre Memphis
1084,KovZ917AcV7,0.0,Crown Uptown Theatre
1085,KovZ917ACz7,0.0,Aura
1086,KovZ917ARXp,0.0,Peoria Civic Center Theater
1087,KovZpZAJ6enA,0.0,Kalamazoo State Theatre
1088,KovZ917ANSJ,0.0,Q Casino Q Showroom
1089,KovZ917A5hf,0.0,Avondale Brewing Co.
1090,rZ7HnEZ17uIp4,0.0,Club LA
1091,KovZpZA1tlaA,0.0,Theatre On the Square
1092,KovZpa971e,0.0,Alex Theatre
1093,rZ7HnEZ17o8vP,0.0,Paper Tiger
1094,KovZpapFfe,0.0,New Bern Riverfront Convention Center
1095,rZ7HnEZ171FA7,0.0,Daryl's House
1096,KovZpZAEAlEA,0.0,Neal S Blaisdell Arena
1097,KovZpZAE7dFA,0.0,"Scherr Forum- B of A Performing Arts Center, Thousand Oaks"
1098,KovZpa3h3e,0.0,Macon City Auditorium
1099,KovZ917ARXn,0.0,First Horizon Coliseum
1100,KovZ917AhZI,0.0,KAISER PERMANENTE ARENA
1101,KovZpZAaFEtA,0.0,The Oncenter Crouse Hinds Theater
1102,rZ7HnEZ17_SGd,0.0,M&T Bank Exchange Baltimore
1103,rZ7HnEZ17q4uV,0.0,Camdenton High School
1104,KovZpZAF76IA,0.0,Fargodome
1105,KovZ917AJEj,0.0,Muckleshoot Casino Events Center
1106,KovZpa3gie,0.0,The Plaza Theatre Performing Arts Center
1107,KovZpZA1eAlA,0.0,Talking Stick Resort
1108,KovZpZAaE7dA,0.0,Barrymore Theatre
1109,rZ7HnEZ17oMv4,0.0,Lowbrow Palace
1110,KovZpZAJa77A,0.0,Ameristar Casino and Hotel
1111,rZ7HnEZ17fakA,0.0,Cypress
1112,KovZpZAFAnaA,0.0,Jannus Live
1113,rZ7HnEZ17fe_A,0.0,Westover Church
1114,KovZpa3EHe,0.0,Cannon Center for the Performing Arts
1115,KovZpZA1l17A,0.0,Don Haskins Center
1116,KovZpZAE7aIA,0.0,Addition Financial Arena
1117,rZ7HnEZ17pv4I,0.0,New World Music Hall
1118,rZ7HnEZ17f0qg,0.0,The Signal - Concert Hall
1119,KovZpa3dbe,0.0,RYAN CENTER/DJ SOKOL ARENA
1120,KovZpZA6takA,0.0,Mississippi Coliseum
1121,KovZpZAJeldA,0.0,San Jose Center for the Performing Arts
1122,rZ7HnEZa6_9,0.0,Will's Pub
1123,KovZpa4eZe,0.0,Hulman Center
1124,KovZpa39ie,0.0,Taft Theatre
1125,KovZpZAFAnnA,0.0,Charlotte Harbor Event & Conference Center
1126,KovZ917At_0,0.0,Steelhouse Omaha
1127,KovZ917Axan,0.0,Garcia's at The Capitol Theatre
1128,rZ7HnEZ17_akK,0.0,Cottage Hill Baptist Church
1129,rZ7HnEZa7bu,0.0,Mr Smalls Theatre
1130,KovZpZAFkJEA,0.0,Baton Rouge River Center Theater
1131,KovZ917ACh0,0.0,SoFi Stadium
1132,rZ7HnEZ17fd1A,0.0,Vultures
1133,KovZpa2XQe,0.0,Greensboro Complex
1134,KovZpZA6tdnA,0.0,Caesars Superdome 
1135,rZ7HnEZ17oFA4,0.0,Amsterdam Bar & Hall
1136,rZ7HnEZ17qo17,0.0,Calvary
1137,KovZpZAEvt6A,0.0,The Champ
1138,KovZpZAF6IAA,0.0,John Paul Jones Arena
1139,KovZ917AtkG,0.0,Charleston Theater
1140,KovZ917ARFY,0.0,Hard Rock Live Rockford
1141,KovZ917AioH,0.0,Fort Smith Convention Ctr.
1142,KovZpZAkEFlA,0.0,Toyota Arena
1143,KovZpZAJFAkA,0.0,Camping World Stadium
1144,KovZ917AIhx,0.0,Palmetto Pointe Church
1145,KovZpa4R1e,0.0,USF Theatre 1
1146,KovZ917AJSr,0.0,Hard Rock Cincinnati Ballroom
1147,rZ7HnEZ17oAa4,0.0,Anthology
1148,rZ7HnEZ17fk44,0.0,The Piazza
1149,KovZ917ARpO,0.0,Stride Bank Center Grand Ball Room
1150,rZ7HnEZ174o4z,0.0,The 44 Sports Grill and Nightlife
1151,KovZ917AJPk,0.0,Memoire
1152,KovZpZA1vvlA,0.0,Pechanga Resort Casino
1153,KovZ917AO2H,0.0,CoolToday Park
1154,KovZ917APhp,0.0,Madison Center for the Arts
1155,rZ7HnEZaAjn,0.0,Pike Room @ The Crofoot
1156,rZ7HnEZ17f0OA,0.0,Treelawn Social Club
1157,KovZ917AxGf,0.0,VBC Mars Music Hall
1158,KovZpZAJnIIA,0.0,American Bank Center Selena Auditorium
1159,KovZpZAJJtIA,0.0,Payne Arena
1160,KovZ917ANAV,0.0,Spotlight at The Paramount
1161,rZ7HnEZ17_ofd,0.0,Green Room MPLS
1162,KovZpZAFk1lA,0.0,Catalina Foothills High School
1163,KovZpZAEe7lA,0.0,The Edge Pavilion
1164,KovZ917AOGV,0.0,Gila River Resorts & Casinos - Vee Quiva
1165,KovZpZAAknFA,0.0,Gila River Resorts & Casinos - Wild Horse Pass
1166,KovZpa3n3e,0.0,William Saroyan Theatre Fresno Convention & Entertainment Center
1167,rZ7HnEZ178Uu4,0.0,The Porch at The Howlin Wolf
1168,rZ7HnEZ17_KOS,0.0,Thirsty Horse Saloon
1169,KovZpZAFAtlA,0.0,Inn of the Mountain Gods Resort and Casino
1170,KovZpa3pFe,0.0,Tulalip Resort Casino
1171,KovZ917Amc8,0.0,The Sound Amphitheater
1172,KovZpa3awe,0.0,Lambeau Field
1173,KovZpZAFa6nA,0.0,Acrisure Stadium
1174,KovZpZAId1lA,0.0,Santa Anita Park
1175,KovZ917ARhe,0.0,Stage Red
1176,KovZpZAJanlA,0.0,Fiesta Showroom at Harrah's Laughlin
1177,KovZpZAIEllA,0.0,Novant Health Fieldhouse at the Greensboro Complex
1178,KovZpZA1eJnA,0.0,Simmons Bank Liberty Stadium
1179,rZ7HnEZ17FgfV,0.0,The Token Lounge
1180,KovZpZA7dEdA,0.0,Freeman Coliseum
1181,KovZpZAdlenA,0.0,Ritz Theatre
1182,rZ7HnEZ17fK4P,0.0,Hop Springs
1183,rZ7HnEZ173d74,0.0,Sellersville Theater
1184,KovZpa3eje,0.0,Empire Arts Center
1185,KovZpZAa6eEA,0.0,Stage 271
1186,KovZ917AQC0,0.0,Armory
1187,KovZpZA1eJ7A,0.0,The Reno Ballroom
1188,rZ7HnEZ173_-4,0.0,The Big Dirty
1189,rZ7HnEZ17f6_P,0.0,Time Nightclub
1190,KovZpZAEkIEA,0.0,Alamodome
1191,KovZpZAFAlIA,0.0,Florence Center
1192,KovZpZAateFA,0.0,Harlow's Casino Resort
1193,rZ7HnEZ174oPz,0.0,The Showroom at Wheeling Island
1194,KovZpZAJdEIA,0.0,Pinnacle Bank Arena
1195,KovZpZA7kn1A,0.0,Will Rogers Auditorium
1196,KovZ917AJpQ,0.0,Encore
1197,rZ7HnEZ17_FPS,0.0,Winters
1198,rZ7HnEZ17o4Q4,0.0,Stereo Garden
1199,KovZpZAEAlvA,0.0,The Venue at Horseshoe Casino
1200,KovZpZAdtaIA,0.0,Choctaw Pocola CenterStage
1201,KovZpZAaI1lA,0.0,Independence Stadium
1202,KovZpZA1e7EA,0.0,Star Of The Desert Arena at Primm Valley Resorts
1203,rZ7HnEZ17f7Z4,0.0,FITZGERALDS NIGHTCLUB
1204,KovZpZAJ711A,0.0,The Event at Graton Resort & Casino
1205,KovZpa4Wxe,0.0,Club Madrid at Sunset Station Hotel & Casino
1206,KovZ917AOKU,0.0,Nugget Casino Resort 
1207,KovZ917AxPr,0.0,Viejas Casino & Resort - Ballroom
1208,rZ7HnEZaeWy,0.0,Avalon Hollywood
1209,KovZ917AhQm,0.0,Resorts World Catskills
1210,KovZpZAFdEJA,0.0,Huntington Bank Field
1211,KovZpZAIEdFA,0.0,Route 66 Casino
1212,KovZpZA7AvlA,0.0,Niagara University Dwyer Arena
1213,KovZpZAEkJAA,0.0,Jacksonville Center for the Performing Arts - Terry Theater
1214,KovZ917AJdp,0.0,The Brooklyn Arts Center
1215,KovZpa4wBe,0.0,The Corbin Arena
1216,KovZpZAtAaeA,0.0,Top Hat
1217,KovZpZA1E7FA,0.0,Portland Expo
1218,KovZpZAFnl1A,0.0,Raymond James Stadium
1219,KovZpZA1l1dA,0.0,Sun Bowl Stadium
1220,rZ7HnEZ17G0OA,0.0,The Foundry
1221,rZ7HnEZa1D3,0.0,Hyatt Regency Princeton
1222,KovZpa3Jie,0.0,Monroe Civic Center
1223,rZ7HnEZ17_SFS,0.0,Williams Center - Black Box - Rutherford
1224,KovZpaoT1e,0.0,Stormont Vail Events Center
1225,KovZpZAaatJA,0.0,VooDoo at Harrah's Kansas City
1226,KovZpa3dxe,0.0,AMSOIL Arena
1227,KovZpZAEkJ7A,0.0,EverBank Stadium 
1228,KovZ917At20,0.0,F&M Bank Arena
1229,KovZpZAJdIJA,0.0,Long Beach Arena- Long Beach Convention and Entertainment Center
1230,KovZ917ALzp,0.0,Clearview Arena
1231,KovZ917Ac_n,0.0,Tony's Pizza Events Center 
1232,KovZpZAE6eAA,0.0,Northwell at Jones Beach Theater
1233,rZ7HnEZ1734eA,0.0,Alchemy
1234,KovZpZA7dkIA,0.0,Angel Stadium of Anaheim
1235,KovZ917AJIx,0.0,"John, James and Clara Knight Stage"
1236,KovZpa4l0e,0.0,West Plains Civic Center
1237,KovZpZA1ddtA,0.0,L'Auberge Casino Resort - Lake Charles
1238,KovZpapObe,0.0,Showroom at Talking Stick Resort
1239,KovZpZAEknFA,0.0,Harrah's Resort SoCal - The Events Center
1240,KovZpZAEAIIA,0.0,PNC Bank Arts Center
1241,KovZ917ACzf,0.0,Buffalo RiverWorks
1242,KovZpZAJe6nA,0.0,Oakland Arena
1243,KovZpZA7AkIA,0.0,Julie Rogers Theatre
1244,KovZ917Am2k,0.0,SoFi Center 
1245,KovZpZAdEaIA,0.0,Meadow Brook Theatre
1246,KovZpZAdEEnA,0.0,Ocean Center
1247,KovZ917AcTr,0.0,FORT BEND EPICENTER
1248,KovZpZAFkJtA,0.0,F.G. Clark Activity Center - Southern University
1249,KovZpZAEkvtA,0.0,Hard Rock Stadium
1250,KovZpaKk0e,0.0,The Parish At House of Blues New Orleans
1251,KovZpZA6kvIA,0.0,Hampton Coliseum
1252,KovZpZAa66lA,0.0,Pegula Ice Arena
1253,KovZpZAAnleA,0.0,Cohoes Music Hall
1254,rZ7HnEZ17_sPS,0.0,DECC Symphony Hall
1255,KovZpZAEF7vA,0.0,Rec Hall
1256,KovZpZAJEvaA,0.0,Alliant Energy PowerHouse
1257,KovZpa4WCe,0.0,Reno-Sparks Livestock Events Center
1258,rZ7HnEZ17ftP4,0.0,Brentwood Emporium
1259,KovZpa9SGe,0.0,Crest Theatre
1260,rZ7HnEZ178s3A,0.0,The District
1261,rZ7HnEZ17F-O7,0.0,Knitting Factory - Spokane
1262,KovZ917A5ff,0.0,RYSE Nightclub
1263,KovZpZAEkaFA,0.0,Garrett Coliseum
1264,rZ7HnEZ17a07V,0.0,West End Trading Company
1265,rZ7HnEZ17FtjV,0.0,Pop's Concert Venue
1266,rZ7HnEZ17qfCf,0.0,Strand Theatre
1267,KovZpZAEe7IA,0.0,Bally's Lake Tahoe
1268,KovZ917AESi,0.0,Hard Rock Live Sacramento
1269,rZ7HnEZ17_auS,0.0,Full Circle Brewing
1270,KovZpZAEFIdA,0.0,Historic BAL Theatre
1271,KovZpZAaaaEA,0.0,Morongo Casino Resort and Spa
1272,rZ7HnEZ17o6F4,0.0,Buffalo Riverworks
1273,KovZpZAaaEEA,0.0,American Theatre
1274,KovZpZAFFnAA,0.0,Osceola County Stadium at Osceola Heritage Park
1275,KovZpZAF7EFA,0.0,St Joseph Civic Arena
1276,KovZpZAEAkaA,0.0,Uihlein Hall Marcus Center
1277,KovZpapnie,0.0,Moore Gymnasium Bethune - Cookman University
1278,KovZpa4NYe,0.0,Hart Theatre at the Egg
1279,rZ7HnEZ173pqg,0.0,Tally Ho Theater
1280,KovZpZAEAttA,0.0,Ball State University Pruis Hall
1281,KovZ917ARye,0.0,First Baptist Church Texarkana
1282,KovZpZAa17EA,0.0,California Theatre
1283,KovZpa4Wbe,0.0,Silver Legacy Casino Reno
1284,KovZpa3qIe,0.0,Emerald Queen Casino
1285,KovZ917AY7J,0.0,Mediapro US
1286,KovZpZAEkFAA,0.0,Lafayette Cajundome
1287,rZ7HnEZ17fbv4,0.0,Green Acres Baptist Church
1288,KovZpZA6taaA,0.0,Hard Rock Live
1289,KovZpZAdt1AA,0.0,Margaritaville Resort Casino
1290,rZ7HnEZ178Uv4,0.0,The Forge
1291,KovZ917AOMH,0.0,Paducah – McCracken County Convention & Expo Center
1292,KovZpZAEeAtA,0.0,The Egyptian Theatre
1293,KovZ917AiHY,0.0,The Underground
1294,KovZpa3zGe,0.0,Tacoma Dome
1295,KovZ917AJvZ,0.0,Knitting Factory - Spokane
1296,KovZpZAallJA,0.0,Spotlight 29 Casino
1297,KovZ917AREi,0.0,Cerritos Center for the Performing Arts
1298,rZ7HnEZ178Oj4,0.0,Lost on Main
1299,KovZpZA1IIdA,0.0,Stock Show Parade Route
1300,rZ7HnEZ178gb4,0.0,Sonia
1301,KovZ917AJG8,0.0,Harrisburg Midtown Arts Center (HMAC) Stage on Herr
1302,KovZpZAEeIJA,0.0,Lawrenceburg Event Center
1303,KovZpZA1Jv1A,0.0,Troy Savings Bank Music Hall
1304,rZ7HnEZ17_bvS,0.0, North Monroe Baptist Church
1305,KovZ917AIDk,0.0,Milford Theater
1306,KovZpZAF7nJA,0.0,Black River Coliseum
1307,KovZ917AmLX,0.0,The Entertainment Center at Rapides Parish Coliseum
1308,KovZpZAJdIvA,0.0,Ameristar Casino Resort Spa St. Charles
1309,rZ7HnEZ17kb4f,0.0,Impact Fuel Room
1310,KovZpZAJed6A,0.0,Beverly O'Neill Theater - Long Beach Conv and Entertainment Ctr
1311,KovZ917ALUH,0.0,Suquamish Clearwater Beach Rock Music & Sports Lounge
1312,rZ7HnEZ17otjg,0.0,La Santa
1313,KovZpZAFkFIA,0.0,Lyell B Clay Concert Theatre
1314,KovZpZA6AaJA,0.0,Boardwalk Hall
1315,KovZ917AiJz,0.0,Vibrant Music Hall
1316,rZ7HnEZa3u_,0.0,La Boom
1317,KovZ917AOff,0.0,Tuscaloosa Government Plaza
1318,KovZ917Amr0,0.0,Rialto 
1319,rZ7HnEZa7xu,0.0,Senator Theatre
1320,KovZ917A3s7,0.0,Lifetime Activities Center
1321,KovZpZAdEEJA,0.0,Tuscany at Mohegan Sun
1322,rZ7HnEZ17pbPI,0.0,The Abbey
1323,KovZpZAE6eFA,0.0,Dome at Toyota Oakdale Theatre
1324,KovZ917Accn,0.0,Aquai at Mohegan Sun
1325,KovZpZAaaJkA,0.0,The Stage At Coco Outdoors
1326,KovZ917AxCO,0.0,Fillmore Minneapolis presented by Affinity Plus
1327,KovZ917AEn1,0.0,San Antonio Stock Show & Rodeo on the Salado
1328,KovZpZA7kltA,0.0,Prime Osborn Convention Center
1329,KovZ917AhlJ,0.0,Mohegan Sun Earth Ballroom
1330,rZ7HnEZ17o7OA,0.0,Gramps Wynwood
1331,KovZ917A_-f,0.0,Mohegan Sun Earth Expo & Convention Center
1332,KovZpa6W3e,0.0,The Oncenter Carrier Theater
1333,rZ7HnEZ17qFOf,0.0,Regattabar
1334,KovZ917AxAJ,0.0,novelle at Mohegan Sun
1335,KovZ917Acd1,0.0,Sun Patio at Mohegan Sun
1336,KovZ917ARMM,0.0,Ford Ice Center Clarksville
1337,KovZpZA1IktA,0.0,Ralph Engelstad Arena Thief River Falls
1338,KovZ917Atd7,0.0,The Exhibition Hall at French Lick Resort
1339,KovZpZA1AJ6A,0.0,Will Rogers Coliseum
1340,KovZpZAdE6FA,0.0,Loeb Playhouse
1341,KovZ917At8p,0.0,Mohegan Sun Clay Pipe
1342,rZ7HnEZ17F-qV,0.0,Knitting Factory - Boise
1343,rZ7HnEZ178J_A,0.0,JaM Cellars Ballroom
1344,rZ7HnEZ178I34,0.0,SLO Brew Rock
1345,KovZpa35ne,0.0,Forest Hills Fine Arts Center
1346,KovZpZA1aAtA,0.0,Gulfstream Park Racing and Casino
1347,KovZpa3Hme,0.0,Mohegan Sun Uncas Ballroom
1348,rZ7HnEZ17a3qf,0.0,Gaslamp Long Beach
1349,KovZ917AtGJ,0.0,Seminole Center Outdoors
1350,KovZ917AIPC,0.0,Ford Wyoming Center
1351,KovZpZAJvnvA,0.0,Terrace Theater - Long Beach Convention and Entertainment Center
1352,KovZpZAJk7vA,0.0,Cannery Hotel and Casino
1353,rZ7HnEZ17a_FA,0.0,The Den at Howlin' Wolf
1354,KovZpZAEA66A,0.0,Rose Bowl
1355,KovZpZAJdJlA,0.0,Westbrook Performing Arts Center
1356,rZ7HnEZ17FzP0,0.0,Respectable Street
1357,rZ7HnEZ17oO1A,0.0,The Ritz
1358,rZ7HnEZ174bvb,0.0,Silver Moon Brewing
1359,rZ7HnEZ178Eq4,0.0,The Mill & Mine
1360,KovZpZAF6nvA,0.0,Coliseum at Alliant Energy Center
1361,KovZpaK6ne,0.0,Selland Arena at Fresno Convention & Entertainment Center
1362,KovZpZAt7E1A,0.0,Encore at Uptown Theater
1363,KovZpZAFAEkA,0.0,Royce Auditorium at St. Cecilia Music Center
1364,KovZpa3O3e,0.0,Broadbent Arena
1365,KovZ917A2hf,0.0,Crossroads Arena
1366,KovZpZAE7v6A,0.0,Bally's Event Center
1367,KovZpZAJE7kA,0.0,Sames Auto Arena
1368,KovZpZAFFn7A,0.0,Albany Civic Center
1369,KovZpZAE6kIA,0.0,Scoot Inn
1370,rZ7HnEZ17peAI,0.0,"The Paramount - Huntington, NY"
1371,KovZpZAE6vEA,0.0,Lake Charles Event Center
1372,KovZpZA1lAJA,0.0,UTEP Magoffin Auditorium
1373,KovZpZAAknIA,0.0,Harrah's Ak-Chin Casino
1374,KovZpZAFAtEA,0.0,El Paso County Coliseum
1375,KovZ917AEu8,0.0,The Ground at Club Space
1376,rZ7HnEZ173b3A,0.0,Yucca North
1377,rZ7HnEZa7x8,0.0,Domino Room
1378,KovZpZAJ7J1A,0.0,Cox Business Convention Center Legacy Hall
1379,KovZ917AI91,0.0,Knoxville Museum of Art
1380,KovZpZA1eEIA,0.0,Rapides Coliseum
1381,KovZ917AYF6,0.0,NOLA ENM Convention Ctr - NFL
1382,KovZ917AJgX,0.0,University at Buffalo - Slee Hall - Lippes Concert Hall
1383,KovZpZAF77tA,0.0,Elliott Hall of Music
1384,KovZpZAaaJFA,0.0,Delray Beach Tennis Center
1385,KovZpZAJAF1A,0.0,Lawrence Joel Veterans Memorial Coliseum
1386,KovZpZAJJI6A,0.0,Ford Park
1387,rZ7HnEZa74b,0.0,The Funhouse @ Mr Smalls
1388,KovZpZAF7IeA,0.0,Fisher Theater
1389,KovZpZAJd6IA,0.0,Ovation Hall at Ocean Casino Resort 
1390,KovZpZAalkeA,0.0,The Gaslight Theater
1391,KovZpZAIIveA,0.0,Findlay Toyota Center
1392,KovZpZAEkAdA,0.0,Watsco Center at the University of Miami
1393,rZ7HnEZa7CT,0.0,Middle East - Downstairs
1394,KovZpZAJF7eA,0.0,Tucson Symphony Center
1395,rZ7HnEZ17AOqP,0.0,Soho Restaurant & Music Club
1396,KovZpZA1keEA,0.0,Wow Hall
1397,KovZpZAF7I7A,0.0,Chester Fritz Performing Arts Center
1398,KovZpZA1vJ6A,0.0,Orpheum
1399,KovZpZAFFnaA,0.0,The St. Augustine Amphitheatre
1400,KovZpZAF7nvA,0.0,Madrid Theatre
1401,KovZpZA6tdEA,0.0,Freedom Hall
1402,KovZpZAF7dIA,0.0,Canton Civic Center
1403,KovZpZAEAIeA,0.0,Augusta Civic Center
1404,rZ7HnEZ17Fouf,0.0,The Redmoor
1405,rZ7HnEZ178V0A,0.0,9th St. Parallel at Knitting Factory
1406,rZ7HnEZ173KZ4,0.0,Grand Rapids First
1407,KovZpa4HJe,0.0,Morgan State University - Murphy Fine Arts Center 
1408,KovZpaoXbe,0.0,Municipal Auditorium
1409,rZ7HnEZ17qf8f,0.0,The Mercury Music Lounge
1410,rZ7HnEZ17fe_P,0.0,Grace Church
1411,KovZpa3PJe,0.0,TCC Leo Rich Theatre - Tucson
1412,KovZpa3vee,0.0,Sioux Falls Convention Center
1413,KovZpZAEka1A,0.0,Von Braun Center South Hall
1414,KovZpZAJeekA,0.0,Jesse Auditorium
1415,KovZpZAJvEIA,0.0,The Space at Westbury Theater
1416,rZ7HnEZ17_gZN,0.0,Rancho El Paraiso
1417,rZ7HnEZ17f30P,0.0,Club David
1418,rZ7HnEZaK0P,0.0,Cabooze
1419,KovZ917AxzU,0.0,Stubb's Waller Creek Amphitheater
1420,rZ7HnEZ17fNJ4,0.0,Kona Skatepark
1421,KovZpZA1AdnA,0.0,Northland Church
1422,rZ7HnEZ17qfFV,0.0,Crossroads Church East Side
1423,rZ7HnEZ173f_P,0.0,Sheffield Family Life Center
1424,rZ7HnEZ174JPI,0.0,"Community Christian Church (Tamarac, FL)"
1425,rZ7HnEZ17qfF0,0.0,Chestnut Ridge Church
1426,rZ7HnEZ17fx4P,0.0,Central Community Church
1427,rZ7HnEZ17qojV,0.0,First Assembly of God
1428,rZ7HnEZaArs,0.0,Crowbar
1429,rZ7HnEZ17_YqS,0.0,Wendell's Indoors
1430,rZ7HnEZ17q300,0.0,New Life Church
1431,KovZpZA1eJEA,0.0,Tucson Convention Center
1432,KovZpZAE7aeA,0.0,Warnors Theatre
1433,KovZpZAa6teA,0.0,Reno Events Center
1434,rZ7HnEZ17o0A4,0.0,Virginia Street Brewhouse
1435,KovZpZAJ66AA,0.0,Cactus Petes Resort Casino Gala Showroom
1436,KovZpab8ze,0.0,TD Ballpark
1437,KovZ917Atn3,0.0,The Forum Auditorium
1438,KovZpZAa1IaA,0.0,Hampton Roads Convention Center
1439,KovZpa3r8e,0.0,Skagit Valley Casino Pacific Showroom
1440,KovZpZAFAnJA,0.0,George Steinbrenner Field
1441,rZ7HnEZ171A7V,0.0,Underbelly
1442,rZ7HnEZ17_tPS,0.0,FIVE
1443,rZ7HnEZ17_wuS,0.0,The Rink Studios
1444,KovZpZA6ta7A,0.0,Salt River Fields at Talking Stick
1445,KovZpZA1natA,0.0,SACRAMENTO MEMORIAL AUDITORIUM
1446,KovZ917ACi0,0.0,Daily's Place
1447,rZ7HnEZ17_O4S,0.0,Atomic
1448,KovZ917AJgG,0.0,UB Center for the Arts - Drama Theatre
1449,KovZ917AJyk,0.0,SeaCoast Grace Church
1450,rZ7HnEZ17_MqS,0.0,District Music Hall
1451,KovZpZAJeeAA,0.0,Shrine Mosque
1452,KovZpapebe,0.0,PHILANTHROPY THEATRE
1453,rZ7HnEZ17_taS,0.0, Crossroads Christian Church
1454,KovZpZAaanlA,0.0,California Theatre of the Performing Arts
1455,KovZpZAF6E7A,0.0,Neal S Blaisdell Concert Hall
1456,KovZpZAJA6aA,0.0,Glass City Center
1457,KovZpZAdnnvA,0.0,BJCC Theatre
1458,rZ7HnEZ17_Vrd,0.0,Superstar Theater in Resorts Casino Atlantic City
1459,KovZpZAaaFnA,0.0,Whiskey Roadhouse-Horseshoe Council Bluffs Casino
1460,KovZpa3zee,0.0,Rialto Theater
1461,KovZ917AY5Z,0.0,Underground Music Cafe
1462,KovZ917AtO3,0.0,Miami Beach Bandshell
1463,rZ7HnEZ17GUC4,0.0,Val Air Ballroom
1464,KovZpapLFe,0.0,Montgomery Mall
1465,rZ7HnEZ17qkC7,0.0,Tumbleroot Brewery & Distillery
1466,KovZ917ARgT,0.0,Chapman Music Hall - TPAC
1467,KovZ917AE3m,0.0,Last Exit Live
1468,rZ7HnEZ17394P,0.0,Forest Hill Church
1469,KovZpapdwe,0.0,The Ritz Ybor
1470,KovZ917AiVw,0.0,Victory Church - Tulsa
1471,KovZ917ARy6,0.0,Summit Church
1472,rZ7HnEZ17fZqA,0.0,The Chapel - Crosspoint Campus
1473,KovZpZA1IFnA,0.0,Peter Martin Wege Theatre
1474,KovZ917Ac43,0.0,Atrium Health Amphitheater 
1475,KovZpZAE7aFA,0.0,Danny Peterson Theatre at the Morrison Center
1476,KovZpZAEvl6A,0.0,Mary N. Porter Riverview Ballroom
1477,KovZpa4wYe,0.0,Belterra Casino Resort and Spa
1478,KovZpZAFkJdA,0.0,Cajundome Convention Center
1479,KovZpZAEda1A,0.0,Amsterdam Bar & Hall
1480,rZ7HnEZ17fOZg,0.0,The Refinery
1481,KovZpZAFdEEA,0.0,Wolstein Center at CSU
1482,KovZpZAdEaEA,0.0,Michigan Theater
1483,KovZpZAaataA,0.0,Horizon Events Center
1484,rZ7HnEZ17FgC4,0.0,Shank Hall
1485,KovZ917ARsb,0.0,Cafeteria Comedy Club
1486,KovZpZAatdJA,0.0,Calvin Simmons Theatre
1487,KovZ917AmFb,0.0,Henrico Sports and Events Center
1488,rZ7HnEZ17_0PN,0.0,Liquid Gravity Brewing Company
1489,rZ7HnEZ17_YAS,0.0,Family Worship Center
1490,rZ7HnEZ17_VFd,0.0,First Baptist Church Abilene
1491,KovZ917AJGQ,0.0,Harrisburg Midtown Arts Center (HMAC) Capitol Room
1492,KovZpapOie,0.0,Thalia Mara Hall
1493,rZ7HnEZ17_VFK,0.0,First Baptist Church Pasadena
1494,rZ7HnEZ17fZ4g,0.0,Rollins Center @ Bally's Dover
1495,rZ7HnEZ17fvfA,0.0,LifeFamily Mueller
1496,KovZ917AIqm,0.0,Crown Arena
1497,KovZpaFH0e,0.0,Suquamish Clearwater Casino Event Center
1498,KovZpZAF7teA,0.0,Mayo Civic Center Arena
1499,rZ7HnEZ17f0ZA,0.0,White's Chapel Methodist Church
1500,rZ7HnEZ17f4og,0.0,Bally's Lake Tahoe
1501,KovZ917AIWB,0.0,Bradley Symphony Center
1502,rZ7HnEZa7xC,0.0,Midtown
1503,KovZpa3-7e,0.0,Petersen Events Center
1504,rZ7HnEZ17f08g,0.0,Church of the Highlands
1505,rZ7HnEZ17_8Jd,0.0,The Church at Rock Creek
1506,rZ7HnEZ17f0uP,0.0,Middle Ages Beer Hall
1507,KovZpZAAJneA,0.0,Pitman Theatre Alverno College
1508,KovZpa3vGe,0.0,River Center
1509,KovZpa9-ie,0.0,W L JACK HOWARD THEATRE
1510,KovZ917ANGC,0.0,Visalia First
1511,KovZpZAFkvtA,0.0,Temple Theatre
1512,KovZpZAE61IA,0.0,Druid City Music Hall
1513,KovZpZAE6vJA,0.0,Talking Stick Resort Amphitheatre
1514,KovZpZAEl6JA,0.0,The Rose
1515,rZ7HnEZ173f7g,0.0,McLean Bible Church
1516,KovZ917AxN3,0.0,The Cabaret Room at Uptown Theater
1517,KovZpZAFAt7A,0.0,Tom Moffatt Waikiki Shell
1518,rZ7HnEZ17333A,0.0,Westside Baptist Church Jacksonville
1519,KovZpZAdIFFA,0.0,Harbor Park
1520,rZ7HnEZ17AAAP,0.0,Thomas Road Baptist Church
1521,KovZpZA16lvA,0.0,Martinsville Speedway
1522,KovZpaowXe,0.0,Seneca Allegany Resort & Casino Event Center
1523,KovZpZAaE67A,0.0,LAKE ELSINORE DIAMOND STADIUM
1524,KovZpZAE67FA,0.0,Events Center at Osceola Heritage Park
1525,KovZpZAE6FaA,0.0,Credit One Stadium 
1526,KovZpZAa1JIA,0.0,Albuquerque Convention Center
1527,rZ7HnEZ17_oCd,0.0,Calvary Chapel Melbourne
1528,KovZpZAJFtJA,0.0,Carnegie Lecture Hall of Oakland
1529,KovZ917AcdH,0.0,Durham Bulls Athletic Park
1530,KovZpakTke,0.0,QPWZL - TM Test Facility 
1531,KovZpZA6t77A,0.0,Yankee Stadium
1532,rZ7HnEZ177Iqf,0.0,Memorial Hall
1533,rZ7HnEZ17f0ag,0.0,First Baptist Church Texarkana
1534,rZ7HnEZ1733xA,0.0,Glad Tidings Church
1535,KovZpZAEAdIA,0.0,Hampton Beach Casino Ballroom
1536,KovZ917AOU7,0.0,Piedmont Hall
1537,rZ7HnEZ17_tad,0.0, Olive Baptist Church - Pensacola Campus
1538,KovZpZAFadlA,0.0,Greek Theatre-U.C. Berkeley
1539,KovZ917AJ_x,0.0,Moody Amphitheater
1540,rZ7HnEZ17_tFS,0.0,Healing Place Church
1541,rZ7HnEZ17_tFN,0.0,Sherwood Baptist Church
1542,rZ7HnEZ17_tFK,0.0,The Potter’s House International Ministries
1543,KovZpZAFF6nA,0.0,Mercedes-Benz Amphitheater
1544,KovZpZAJv6lA,0.0,The Great Saltair
1545,rZ7HnEZ17b94I,0.0,Bastards Canteen
1546,KovZpZAdJnAA,0.0,Homestead Miami Speedway
1547,KovZpZAFFdtA,0.0,Atlanta Motor Speedway
1548,rZ7HnEZ17_Yrd,0.0,Wendell's Outdoors
1549,KovZ917AR1w,0.0,The Hall at Spartanburg Memorial Auditorium
1550,KovZpZA1EAkA,0.0,Ting Pavilion
1551,rZ7HnEZ173eZ4,0.0,Barnato
1552,KovZpZAEe7nA,0.0,Laughlin Event Center
1553,KovZpZAa1dJA,0.0,Sunset Station Outdoor Amphitheater
1554,rZ7HnEZ178-OP,0.0,Rainbow Bar & Grill
1555,KovZpZAEkeJA,0.0,PNC Music Pavilion
1556,rZ7HnEZ17_0bd,0.0,TV Eye
1557,rZ7HnEZ17GZC4,0.0,Cargo Concert Hall
1558,KovZpakS7e,0.0,MetLife Stadium
1559,KovZ917A5p0,0.0,The Overton Park Shell
1560,KovZpZAEk7JA,0.0,Kroger Field
1561,rZ7HnEZ17378g,0.0,QXT's
1562,KovZpZAEAnFA,0.0,Dacotah Bank Center
1563,KovZpa3LGe,0.0,Keith-Albee Performing Arts Center
1564,KovZ917A0DZ,0.0,Live Oak Bank Pavilion
1565,KovZpZAF7vJA,0.0,Atlantic Union Bank Pavilion
1566,KovZpZA7kdJA,0.0,Skyla Credit Union Amphitheatre
1567,rZ7HnEZ17_VFN,0.0,Canterbury United Methodist Church
1568,KovZpZAE6k6A,0.0,The Cynthia Woods Mitchell Pavilion presented by Huntsman
1569,rZ7HnEZ17337g,0.0,Valley Bible Fellowship
1570,KovZpZAFFdnA,0.0,Charlotte Motor Speedway
1571,KovZpZAaIFkA,0.0,Iroquois Amphitheater
1572,KovZpZA7v7tA,0.0,Metropolitan Theatre
1573,rZ7HnEZ173oA4,0.0,Parkway Fellowship
1574,KovZpZA1FlkA,0.0,American Family Field 
1575,rZ7HnEZ178M7A,0.0,Atomic Pavilion
1576,rZ7HnEZ17qfaV,0.0,Redemption Church
1577,KovZpZA1nIJA,0.0,Green Valley Ranch Backyard Amphitheater
1578,KovZpZAIIIeA,0.0,Smart Financial Centre at Sugar Land
1579,rZ7HnEZ17_bvK,0.0,Compass Church - NFW
1580,KovZpZAFFtaA,0.0,Isleta Amphitheater
1581,rZ7HnEZ17q4o7,0.0,Dunwoody Baptist Church
1582,KovZpZAdEt6A,0.0,Rice-Eccles Stadium
1583,rZ7HnEZ173_r4,0.0,Church in the Son
1584,KovZpZAEkA7A,0.0,MIDFLORIDA Credit Union Amphitheatre at the FL State Fairgrounds
1585,KovZpZAa1enA,0.0,Pier Six Pavilion
1586,rZ7HnEZ17_gvN,0.0,Calvary Baptist Church
1587,rZ7HnEZ17_gvK,0.0,Main Street Baptist Church
1588,KovZpZAEeIFA,0.0,Churchill Downs
1589,rZ7HnEZ17_gvd,0.0,University of Georgia Tifton Campus Conference Center - John Hunt Auditorium
1590,rZ7HnEZ17_a8K,0.0,Liquid Church
1591,KovZpZA1AIkA,0.0,Bayfront Park
1592,KovZ917At0V,0.0,The Broadway Tent
1593,KovZpZA1JkvA,0.0,Merriweather Post Pavilion
1594,KovZ917AJgV,0.0,University at Buffalo - Katharine Cornell Theatre
1595,rZ7HnEZad7k,0.0,Agora Theatre and Ballroom
1596,KovZ917AOJj,0.0,Amphitheater at Las Colonias Park
1597,KovZ917Ah21,0.0,OceanFirst Bank Center
1598,KovZpZAEAIdA,0.0,Veterans United Home Loans Amphitheater at Virginia Beach
1599,KovZpZAFkEaA,0.0,The Wharf Amphitheater
1600,KovZpapBwe,0.0,Busch Stadium
1601,KovZ917At18,0.0,North Wilkesboro Speedway
1602,KovZ917A2qV,0.0,Greenfield Lake Amphitheater
1603,KovZ917AQiH,0.0,Ozarks Amphitheater
1604,KovZpZAJAlAA,0.0,Michigan Lottery Amphitheatre at Freedom Hill
1605,KovZ917AiUV,0.0,The Astro Amphitheater
1606,KovZpZAJJ1eA,0.0,Henry B. Gonzalez Convention Center
1607,rZ7HnEZ17GVJ4,0.0,Royal Oak Music Theatre
1608,KovZpZAdEJAA,0.0,Constellation Brands-Marvin Sands Performing Arts Center: CMAC
1609,KovZpZAattdA,0.0,Sandler Center For The Performing Arts
1610,KovZpZAId1aA,0.0,Outlaw Field at the Idaho Botanical Garden
1611,KovZpa1qje,0.0,BankNH Pavilion
1612,KovZpZAEeI1A,0.0,The Rose Music Center at The Heights
1613,KovZpvEk7A,0.0,Ruoff Music Center
1614,KovZpZAEAdlA,0.0,Maine Savings Amphitheater
1615,KovZpZAEAtAA,0.0,Blossom Music Center
1616,KovZ917Ah6n,0.0,Kettlehouse Amphitheater
1617,KovZpZA1vlIA,0.0,Hayden Homes Amphitheater
1618,KovZpaFP3e,0.0,Broadview Stage at SPAC
1619,KovZpZAEAEIA,0.0,Empower Federal Credit Union Amphitheater at Lakeview
1620,rZ7HnEZa6AX,0.0,Jannus Live
1621,KovZpZAFAEeA,0.0,BMO Pavilion
1622,KovZpaoU8e,0.0,Hersheypark Stadium
1623,KovZ917AiXw,0.0,Central Bank Downtown Live
1624,KovZpZAEAnaA,0.0,"Hollywood Casino Amphitheatre - St. Louis, MO"
1625,KovZpZA16t1A,0.0,Holiday Trav-L-Park
1626,KovZ917AJek,0.0,FirstBank Amphitheater
1627,KovZpZAEvFkA,0.0,BankPlus Amphitheater at Snowden Grove
1628,KovZ917AioZ,0.0,Remlinger Farms
1629,rZ7HnEZadru,0.0,Kentucky Railway Museum
1630,KovZpZA7elEA,0.0,Stanford Stadium
1631,KovZpZAIE71A,0.0,Sandy Amphitheater
1632,KovZpZAJeenA,0.0,American Family Insurance Amphitheater - Summerfest Grounds
1633,KovZpZAFFvJA,0.0,Hollywood Bowl
1634,KovZpZAalvtA,0.0,Citi Field
1635,KovZpZA77elA,0.0,Vina Robles Amphitheatre
1636,KovZpZAFkkJA,0.0,Chateau Ste Michelle Winery
1637,KovZpa6SBe,0.0,Michigan International Speedway
1638,KovZ917ARDx,0.0,The Dome
1639,KovZpZAdnteA,0.0,Caesars Event Center at Caesars Southern Indiana
1640,KovZ917APIZ,0.0,Artpark Mainstage Theater
1641,KovZpZA17JvA,0.0,Centennial Terrace
1642,KovZ917A-X0,0.0,Globe Life Field
1643,KovZpZAJld6A,0.0,RV Inn Style Resorts Amphitheater 
1644,KovZpZAat66A,0.0,Rhode Island Convention Center
1645,KovZ917AJK3,0.0,The ICON Festival Stage at Smale Park
1646,KovZpZAEkd1A,0.0,White River Amphitheatre
1647,KovZ917AxsO,0.0,Saint Louis Music Park
1648,KovZpZAatk1A,0.0,Stone Pony Summer Stage
1649,KovZpZAEk71A,0.0,The Pavilion at Star Lake
1650,KovZpZAF7tdA,0.0,Mayo Civic Center Auditorium
1651,KovZ917AIHn,0.0,Thunder Ridge Nature Arena
1652,KovZpaK7xe,0.0,PNC PAVILION
1653,KovZpZAEe7EA,0.0,Lake Tahoe Outdoor Arena at Harveys
1654,KovZpZAdJElA,0.0,Meadow Brook Amphitheatre
1655,KovZ917AcZG,0.0,Emerson Center for the Arts & Culture
1656,KovZpZAEd1vA,0.0,Breese Stevens Field
1657,KovZ917ARgg,0.0,Allianz Amphitheater at Riverfront
1658,KovZ917AJ9p,0.0,Firefly Distillery
1659,KovZ917ARgY,0.0,Coca-Cola Amphitheater
1660,KovZpZAaI6nA,0.0,Carnegie Music Hall of Oakland
1661,KovZ917AinH,0.0,Cult Classic Brewing Outdoor Stage
1662,KovZ917AOQk,0.0,Treasure Island Amphitheater
1663,KovZpa3swe,0.0,Pine Knob Music Theatre
1664,KovZpaF0ne,0.0,Darien Lake Amphitheater
1665,KovZpZAaFtEA,0.0,En-Joie Golf Course
1666,KovZpZA6ta1A,0.0,Shoreline Amphitheatre
1667,KovZpZAdI11A,0.0,Ironstone Amphitheatre at Ironstone Vineyards
1668,KovZpZAFkelA,0.0,Paycor Stadium
1669,KovZpZAatEaA,0.0,Red Bull Arena
1670,rZ7HnEZ17_ofK,0.0,Rock The Clock 
1671,KovZpZAEAElA,0.0,Xfinity Center
1672,KovZpZAEAnnA,0.0,Alpine Valley Music Theatre
1673,KovZpZAFFdlA,0.0,Ameris Bank Amphitheatre
1674,KovZ917AtxH,0.0,The Theater at Mount Jordan
1675,KovZ917AQ6V,0.0,Brandon Amphitheater
1676,KovZpZAaaFlA,0.0,Pinewood Bowl Theater
1677,KovZ917Ax8x,0.0,Hartford HealthCare Amphitheater
1678,KovZpZAEktFA,0.0,Credit Union 1 Amphitheatre
1679,KovZpZAE7aJA,0.0,DICK'S Sporting Goods Park
1680,KovZpZAFkElA,0.0,Champions Square
1681,KovZpZAEAnIA,0.0,Illinois State Fairgrounds Il State Fair
1682,KovZpZA1lleA,0.0,Utah First Credit Union Amphitheatre
1683,KovZpZAIJ6aA,0.0,Richmond Raceway
1684,rZ7HnEZadfG,0.0,Crossroads Village & Huckleberry Railroad
1685,KovZ917AxSi,0.0,The Ledge Amphitheater
1686,KovZpZAEk6JA,0.0,Jiffy Lube Live
1687,KovZ917Ah_f,0.0,The Fruit Yard Amphitheater
1688,KovZpZAJ7ddA,0.0,Tulsa Ballroom at Cox Business Convention Center
1689,KovZpZAEkvEA,0.0,iTHINK Financial Amphitheatre 
1690,KovZpa3vpe,0.0,Pops
1691,KovZ917AJuO,0.0,The Amp at Log Still
1692,KovZpZAdnItA,0.0,New Hampshire Motor Speedway
1693,KovZ917AO1I,0.0,The Youngstown Foundation Amphitheatre
1694,KovZ917AIFr,0.0,Wean Park
1695,KovZ917AtJ7,0.0,The Mill Terre Haute
1696,KovZpZAAllAA,0.0,Ballpark
1697,KovZpZAEdFkA,0.0,Big Daddys
1698,KovZpZAF6tAA,0.0,PNC Field
1699,KovZpZAFdJvA,0.0,Allentown Fairgrounds
