venue_city,min_price,max_price,average_price,venue_latitude,venue_longitude
 Covington,22.25,47.25,34.75,39.082695,-84.509561
 Santa Fe,25.0,35.0,30.0,35.66589,-105.99394
Abilene,0.0,0.0,0.0,32.45232405423746,-99.73750804602513
Addison,30.020833333333332,239.79166666666666,134.90625,32.95394,-96.82502
Akron,29.86986301369863,59.157534246575345,44.513698630136986,41.07706379246576,-81.51081900575342
Albany,25.577156862745095,66.79235294117647,46.18475490196079,41.34827510823529,-74.97605748431373
Albuquerque,42.04545454545455,125.25,83.64772727272727,35.05665147727273,-106.72292972727273
Alexandria,58.96,62.84,60.9,38.6838140056804,-77.70713088776542
Allen,30.76530612244898,61.86734693877551,46.316326530612244,33.129178,-96.65519209999998
Allentown,26.068181818181817,116.875,71.4715909090909,40.60220987,-75.47167003
Alpharetta,45.125,330.125,187.625,34.0544157,-84.3066793
Alpine,85.0,250.0,167.5,32.842267,-116.705473
Ames,32.54545454545455,56.84848484848485,44.696969696969695,42.017479878787874,-93.63735457575758
Anaheim,39.576,153.312,96.444,33.80750305728,-117.90109193791999
Anchorage,13.35,69.75,41.55,61.2175806,-149.8925421
Anderson,23.77777777777778,61.72222222222222,42.75,39.78829872222222,-85.5181235888889
Ann Arbor,29.03846153846154,54.46153846153846,41.75,42.27979943076923,-83.74685878461538
Appleton,37.131967213114756,370.2260655737705,203.67901639344262,44.262557,-88.411785
Arcadia,5.0,20.27777777777778,12.63888888888889,34.139397,-118.043459
Arlington,60.875,250.875,155.875,32.747242,-97.083796
Asbury Park,28.141025641025642,28.141025641025642,28.141025641025642,40.22151733384616,-74.00015875435898
Asheville,46.84461538461539,80.47923076923077,63.66192307692308,35.597471,-82.555289
Atlanta,34.08944170771757,145.00282430213466,89.5461330049261,33.8109334329064,-84.41041537848932
Atlantic City,67.85541958041958,108.2243006993007,88.03986013986014,39.36851619502182,-74.43540577161077
Auburn,52.15909090909091,126.25,89.20454545454545,47.2766928531724,-122.17244105454546
Augusta,45.45,144.91666666666666,95.18333333333334,34.92062886666667,-80.34366787999998
Aurora,100.0,900.0,500.0,41.7558752,-88.2161976
Austin,34.87693251533742,93.91220858895706,64.39457055214724,30.261959576687115,-97.7333269815951
Aventura,48.5342,58.166199999999996,53.3502,25.94960232,-80.13458177
Bakersfield,28.3475,56.22,42.28375,35.38828650000001,-119.02330475
Baltimore,43.66717842323652,186.77634854771784,115.22176348547718,39.28846399979253,-76.62288477755187
Bangor,29.8125,75.66666666666667,52.739583333333336,44.788987346249996,-68.77771485999999
Baton Rouge,24.37878787878788,66.99621212121212,45.6875,30.433063636363638,-91.17331716363636
Bay St Louis,42.5,78.75,60.625,30.3237,-89.352115
Beaumont,27.035714285714285,67.79761904761905,47.416666666666664,30.081165523809524,-94.10999888571429
Bedford,25.25,48.0,36.625,41.40758,-81.52043
Belleville,22.5,234.5,128.5,42.2185947623,-83.5218059153
Bellevue,15.0,15.0,15.0,36.0813369,-86.9509735
Bellflower,24.406666666666666,146.745,85.57583333333332,33.88378,-118.12405
Belmont Park,47.94177419354838,419.3935483870968,233.6676612903226,40.71187893,-73.72613877
Bemidji,7.384615384615385,24.307692307692307,15.846153846153847,47.46329542,-94.85384673999998
Bend,47.666666666666664,102.25,74.95833333333333,44.05310680833333,-121.315987
Bensalem,30.25,30.25,30.25,40.07169,-74.93927
Berkeley,53.166666666666664,96.5,74.83333333333333,37.8740742,-122.2555418
Berwyn,16.727272727272727,133.63636363636363,75.18181818181819,41.86489,-87.78952
Bethel,13.256410256410257,48.97435897435897,31.115384615384617,41.6965930451282,-74.87775371794872
Bethel Park,29.95,85.0,57.475,40.341069661,-80.039002599
Bethlehem,43.76923076923077,77.92307692307692,60.84615384615385,40.6143211,-75.3569211
Biloxi,28.043142857142858,60.885999999999996,44.464571428571425,30.393986385714282,-88.9234294142857
Binghamton,24.486486486486488,44.972972972972975,34.729729729729726,42.09785502702703,-75.91263264864865
Birmingham,34.198181818181816,94.59843434343435,64.39830808080808,33.521334235186615,-86.80604633429013
Black River Falls,25.0,25.0,25.0,44.32868,-90.7679
Bloomington,21.288028169014087,73.62676056338029,47.457394366197185,40.22811398830986,-88.4615964974648
Boca Raton,47.6,62.93333333333333,55.266666666666666,26.35289,-80.08569000000001
Boise,30.877450980392158,114.38071895424837,72.62908496732027,43.61006332679738,-116.20534715686274
Bonner,38.4375,84.4375,61.4375,46.875833,-113.860961
Bossier City,24.698,96.498,60.598,32.49140841,-93.70177184
Boston,47.97228016359918,207.17933537832312,127.57580777096115,42.352652434089975,-71.07528852441718
Bow,62.666666666666664,62.666666666666664,62.666666666666664,48.560728000000005,-122.347852
Bozeman,30.0,49.44230769230769,39.72115384615385,45.684061538461535,-111.04444884615386
Brandon,41.25,221.25,131.25,32.2826465,-89.997432
Brea,40.59542857142857,102.33285714285715,71.46414285714286,33.919902,-117.89714700000002
Brentwood,29.02,39.6575,34.338750000000005,37.9313775,-121.6938842
Bridgeport,18.829545454545453,160.7159090909091,89.77272727272727,41.173098645454544,-73.18796308181818
Bristol,40.25,75.25,57.75,36.59902833,-82.21946726
Bristow,44.625,174.625,109.625,38.7861199,-77.587777
Bronx,136.35862068965517,678.4137931034483,407.3862068965517,40.8323316475862,-73.9246524689655
Brookfield,25.804347826086957,82.65217391304348,54.22826086956522,43.0349607937913,-88.16313589540978
Brookings,32.75,76.25,54.5,44.3141281,-96.7516901
Brooklyn,40.4387898089172,630.2861146496815,335.3624522292994,40.69544516732484,-73.96770552617834
Brookville,35.65625,151.25,93.453125,40.8119256,-73.6197704
Buffalo,31.932836538461537,127.30004807692308,79.61644230769231,42.90996722370192,-78.85478805923077
Burgettstown,29.75,149.75,89.75,40.4197818,-80.4342124
Burnsville,45.675,58.675,52.175,44.774079,-93.279512
Cabazon,53.54545454545455,83.54545454545455,68.54545454545455,33.92210864,-116.80553543
Cambridge,20.951219512195124,25.097560975609756,23.024390243902438,42.365456585365855,-71.10510390243903
Camden,58.416666666666664,270.0833333333333,164.25,39.940917,-75.12875
Camdenton,95.8,153.4,124.6,38.0281236,-92.76615919999999
Canandaigua,45.0,195.0,120.0,42.8669872,-77.2443877
Canton,22.5,97.5,60.0,40.80788,-81.373083
Carnation,65.5,95.5,80.5,47.63918,-121.90221
Cary,32.236363636363635,84.76363636363637,58.5,35.84450474545454,-78.88106749090909
Casper,35.5,98.0,66.75,42.86851,-106.33257
Cedar Park,25.170454545454547,135.18939393939394,80.17992424242425,30.5393195,-97.82448
Cedar Rapids,33.449,109.849,71.649,41.98029754,-91.66747781
Chandler,39.142857142857146,64.54285714285714,51.84285714285714,33.300346142857144,-111.87952771428571
Chapel Hill,22.0,77.0,49.5,35.9905962,-78.9238083
Charles Town,48.63636363636363,80.0,64.31818181818181,39.29716807,-77.85236187
Charleston,48.61838150289017,78.31780346820808,63.46809248554913,33.76672928150289,-80.22698497861272
Charlotte,38.351258992805754,187.2795323741007,112.81539568345323,35.22547445503597,-80.82431647517986
Charlottesville,29.382142857142856,43.431999999999995,36.40707142857143,38.03274927828571,-78.484955522
Chattanooga,39.23988235294117,79.594,59.41694117647059,35.04615281459259,-85.30573759508
Cherokee,53.31818181818182,84.22727272727273,68.77272727272727,35.4698781,-83.2995036
Chicago,42.611447587354405,186.41773710482528,114.51459234608986,41.674689925391014,-87.1820971062396
Chico,54.714,54.714,54.714,39.728992,-121.83846439999999
Cincinnati,32.96357142857143,108.89566666666667,70.92961904761904,39.11319392028572,-84.50663630847619
Clarkston,47.85,253.95,150.9,42.75098483,-83.3802299
Clarksville,18.953333333333333,60.19566666666666,39.57449999999999,36.53126768,-87.37584435000001
Clemson,5.0,64.28571428571429,34.642857142857146,34.679285,-82.8476032
Cleveland,26.503164556962027,58.71835443037975,42.610759493670884,41.52073012810126,-81.65011796025316
Cleveland Heights,19.499375,22.311875,20.905625,41.508487375,-81.5803944875
Clive,35.0,59.5,47.25,41.611827,-93.758402
Coachella,46.25,118.75,82.5,33.7102286,-116.1828984
Coconut Creek,67.5,122.5,95.0,26.278126,-80.200428
Cohoes,29.75,69.5,49.625,42.7742446,-73.7001187
College Park,16.84,122.36,69.6,33.645576,-84.45747499999999
Colorado Springs,28.856428571428573,74.26285714285714,51.55964285714286,38.856821740482225,-104.81570619176111
Columbia,55.68671480144404,79.44216606498195,67.564440433213,37.56053550288809,-81.1007483465704
Columbus,24.59423976608187,84.37877192982457,54.48650584795321,39.428482868070176,-83.1519772322807
Commerce City,60.0,210.0,135.0,39.805674,-104.891082
Concord,34.166666666666664,86.66666666666667,60.416666666666664,35.350853,-80.683615
Coral Gables,35.0,300.0,167.5,25.7150805,-80.2791777
Corbin,30.708333333333332,84.125,57.416666666666664,36.9486986,-84.0968761
Corinth,39.0,69.0,54.0,34.911587,-88.547744
Corona,51.965,113.235,82.6,33.8511,117.55648
Corpus Christi,24.182926829268293,60.98780487804878,42.58536585365854,27.8088984,-97.3935427
Costa Mesa,41.95,41.95,41.95,33.64245,-117.91764
Council Bluffs,19.8,31.0,25.4,41.23737581,-95.89023198
Covington ,5.6,5.6,5.6,39.08258,-84.50955
Cuyahoga Falls,48.375,167.5,107.9375,41.1913469,-81.5607834
Cypress,35.0,100.0,67.5,33.81018,-118.03968
Dallas,32.48796089385475,487.8943854748603,260.1911731843575,32.783071647290505,-96.79741499251396
Darien Center,29.625,149.625,89.625,42.91319987,-78.38933898
Davenport,35.732142857142854,92.0,63.86607142857143,41.5224552,-90.5734902
Dayton,15.60140625,39.64046875,27.6209375,39.7558511359375,-84.1322808484375
Daytona Beach,36.01953125,66.79296875,51.40625,29.2272805625,-81.018349015625
Deadwood,33.2,96.2,64.7,44.37482821,-103.73084736000001
Del Mar,48.3421052631579,80.07894736842105,64.21052631578948,32.9758,-117.2583
Delray Beach,65.6,361.3333333333333,213.46666666666667,26.46249,-80.075479
Denver,44.30479099678457,544.1539871382637,294.2293890675241,39.74893547807074,-104.9976327992926
Des Moines,35.96527777777778,74.59027777777777,55.27777777777778,41.588643,-93.638339
Destin,18.246666666666666,24.666666666666668,21.456666666666667,30.3874288,-86.4317279
Detroit,40.349940652818994,379.2110682492581,209.78050445103858,42.354099918100886,-83.07127866231454
Dodge City,36.5,185.0,110.75,37.76666084,-100.06199599
Dubuque,25.0,59.5,42.25,42.49868938888889,-90.66426532222222
Duluth,26.791512605042016,78.24529411764706,52.51840336134453,38.50166439243698,-86.91762080336133
Dunedin,18.3125,48.625,33.46875,28.00359726,-82.78688049
Dunwoody,0.0,0.0,0.0,33.9418241,-84.3395227
Durant,53.083333333333336,110.91666666666667,82.0,33.952206,-96.414088
Durham,40.1905737704918,145.4077868852459,92.79918032786885,35.9933059,-78.902225
East Rutherford,54.214285714285715,296.64285714285717,175.42857142857142,40.81359,-74.074493
East Troy,39.625,172.125,105.875,42.73811443,-88.43389293
Eden Prairie,45.0,100.0,72.5,44.8350835,-93.4801848
Effingham,31.263157894736842,52.578947368421055,41.921052631578945,39.1294487,-88.5752488
El Cajon,35.85821428571428,69.25107142857142,52.55464285714286,32.795625,-116.95955
El Paso,20.577547169811318,73.45490566037736,47.016226415094344,31.767466921132076,-106.47780018396226
El Segundo,32.31578947368421,131.3684210526316,81.84210526315789,33.923646,-118.38379
Elizabeth,43.166666666666664,129.83333333333334,86.5,40.6644999,-74.2133999
Elkhart,34.3125,72.75,53.53125,41.684032,-85.971427
Elmira,16.052941176470586,18.2,17.126470588235293,42.08835,-76.808482
Englewood,39.541666666666664,89.17361111111111,64.35763888888889,40.895358,-73.97511
Enid,21.333333333333332,44.666666666666664,33.0,36.394257106666664,-97.87909666666667
Estero,28.487068965517242,128.32758620689654,78.40732758620689,26.440127,-81.778614
Eugene,13.717105263157896,87.85526315789474,50.786184210526315,44.04756257368421,-123.07956520263157
Evans,44.2,98.45,71.325,33.543925,-82.127644
Evanston,9.963414634146341,16.73170731707317,13.347560975609756,42.040884,-87.680254
Evansville,25.80345238095238,86.44333333333333,56.12339285714285,37.97299659714286,-87.56732675714287
Everett,20.241935483870968,64.58064516129032,42.41129032258065,47.25833270967742,-115.60447351612903
Fairfax,23.4398,104.1498,63.794799999999995,38.8330513,-77.3098503
Fairfield,11.5,123.5,67.5,41.216657882999996,-73.25168694300001
Fargo,15.97,51.97,33.97,46.838219272,-96.872975588
Fayetteville,21.57875,79.25,50.414375,35.017006,-78.891283
Ferndale,21.546875,23.265625,22.40625,42.4613406875,-83.13443087499999
Fishers,26.16417910447761,130.76119402985074,78.46268656716418,39.9474345,-86.0061368
Flagstaff,21.666666666666668,21.666666666666668,21.666666666666668,35.1974558,-111.6491405
Flint,18.0,22.0,20.0,43.093451354074,-83.651224941324
Florence,21.0,97.38461538461539,59.19230769230769,34.89217029230769,-80.62251343076923
Flowood,25.0,85.0,55.0,32.3393471,-90.0844471
Flushing,33.9,91.05,62.474999999999994,40.7564124,-73.8480824
Fontana,38.27454545454545,64.77454545454545,51.52454545454545,34.101246815231825,-117.44240298256818
Fort Lauderdale,56.285714285714285,56.32142857142857,56.30357142857143,26.133540138714288,-80.13586630121428
Fort Myers,32.0,67.5,49.75,26.594571,-81.882563
Fort Smith,31.586666666666666,49.28666666666666,40.43666666666666,35.38575365333334,-94.42006102666667
Fort Wayne,20.22887323943662,42.20070422535211,31.214788732394368,41.10190613098592,-85.1296507215493
Fort Worth,31.12238095238095,103.2247619047619,67.17357142857144,32.749618460952384,-97.36587656752381
Foxborough,36.92857142857143,200.57142857142858,118.75,42.090918,-71.264321
Franklin,37.089285714285715,95.00357142857143,66.04642857142858,35.929064571428576,-86.85956628571428
French Lick,57.5,87.5,72.5,38.5521023,-86.6195096
Fresno,29.244883720930233,88.58732558139535,58.91610465116279,36.76260730697675,-119.76803268139534
Frisco,13.75952380952381,138.9047619047619,76.33214285714286,33.101249,-96.818604
Ft Lauderdale,48.35646198830409,115.1640058479532,81.76023391812865,26.123875942719295,-80.14906582119883
Gainesville,12.789473684210526,69.0,40.89473684210526,29.6521198,-82.349749
Garden City,32.833333333333336,64.72222222222223,48.77777777777778,43.6511,-116.2814
Garden Grove,20.643125,31.696875,26.169999999999998,33.777011,-117.940602
Gary,55.75,129.75,92.75,41.566709,-87.4040336
Gautier,20.0,20.0,20.0,30.39371926,-88.6559
Getzville,49.946666666666665,110.44666666666667,80.19666666666667,43.04581240000001,-78.7438115
Gilford,49.85,211.93,130.89000000000001,43.580124,-71.412946
Glen Allen,33.0,33.0,33.0,37.67462,-77.45112
Glendale,47.044999999999995,129.72833333333332,88.38666666666667,33.822989592666666,-115.05122111066666
Granbury,22.5,175.0,98.75,32.483881517725415,-97.79063348465752
Grand Forks,22.066666666666666,43.84444444444444,32.955555555555556,47.921664840000005,-97.08005220444443
Grand Junction,36.90217391304348,74.03260869565217,55.46739130434783,39.064924347826086,-108.56052226086956
Grand Rapids,32.82604060913705,95.73974619289339,64.28289340101523,42.96381391675126,-85.67077317055838
Grant,25.0,47.857142857142854,36.42857142857143,33.93582533,-95.52649856000001
Green Bay,95.0,474.0,284.5,44.5012386,-88.0622376
Greensboro,40.200718954248366,134.26928104575163,87.235,36.07021581045751,-79.80317204575164
Greenville,28.9898,101.68979999999999,65.3398,34.827351076,-82.56956972799999
Grove City,29.95,80.0,54.975,39.86558,-83.06975
Hagerstown,34.5,59.333333333333336,46.916666666666664,39.641428,-77.72091
Hallandale Beach,55.0,564.6666666666666,309.8333333333333,25.981481,-80.140399
Hammond,46.07142857142857,76.64285714285714,61.357142857142854,41.693099,-87.5082446
Hampton,25.45,70.21,47.83,38.617809816000005,-75.22779824
Hampton Beach,37.8125,68.8125,53.3125,42.90703,-70.811438
Hamtramck,24.647058823529413,24.647058823529413,24.647058823529413,42.400552688235294,-83.05869149411764
Harrisburg,23.517777777777777,29.777037037037037,26.647407407407407,40.255199087037035,-71.17557076074074
Harrison,50.0,250.0,150.0,40.73698153,-74.15038968
Hartford,26.227272727272727,84.44318181818181,55.33522727272727,41.768353,-72.676384
Hattiesburg,25.083333333333332,58.97222222222222,42.02777777777778,31.325058619705317,-89.29916208116771
Henderson,27.857142857142858,35.0,31.428571428571427,36.055227068571426,-115.04806110285713
Hershey,42.35865384615385,138.12692307692308,90.24278846153847,40.28566001788462,-76.66880077673078
Hickory,10.0,150.0,80.0,35.7334237,-81.3572564
Hidalgo,33.10807692307692,113.89,73.49903846153846,26.1201178,-98.2443992
Highland Heights,18.46,39.5,28.98,39.0332377,-84.4604585
Hixson,39.754999999999995,104.87,72.3125,35.138065906863424,-85.23504180454198
Hobart,24.998333333333335,85.0,54.99916666666667,41.5322663,-87.2551843
Hoffman Estates,28.276785714285715,105.83928571428571,67.05803571428571,42.069732,-88.212372
Hollywood,45.36527363184079,103.14592039800996,74.25559701492537,32.25251955273632,-109.61933475293533
Holmdel,29.8125,164.6875,97.25,40.410434,-74.1377399
Homestead,39.0,39.0,39.0,25.4554984,-80.4117875
Honolulu,45.655797101449274,84.21376811594203,64.93478260869566,21.280410721405683,-157.83046218550723
Houston,33.46327319587629,70.95541237113402,52.20934278350515,29.760704511494843,-95.370277021366
Huber Heights,24.0,138.25,81.125,39.8705173,-84.111405
Huntington,34.993720930232556,75.76406976744187,55.37889534883721,40.52799459534884,-74.68321115906977
Huntsville,30.53939393939394,73.44545454545455,51.99242424242424,34.72417174787879,-86.59104408121212
Idaho Falls,28.15740740740741,55.4537037037037,41.80555555555556,43.48236,-112.06525
Immokalee,77.0,96.33333333333333,86.66666666666667,26.4166834,-81.40651186666668
Independence,18.054347826086957,57.40217391304348,37.72826086956522,39.0375863,-94.35562849999998
Indianapolis,29.65967637540453,140.99799352750807,85.32883495145632,39.79357012524272,-86.165692554822
Inglewood,67.54988888888889,3609.261,1838.4054444444444,33.95049233333334,-118.3427688
Irvine,38.793866666666666,102.23639999999999,70.51513333333334,33.652275,-117.744924
Irving,44.88181818181818,107.97727272727273,76.42954545454546,32.872469,-96.942954
Jackpot,45.0,50.0,47.5,41.98475943,-114.67170283
Jackson,27.328125,42.328125,34.828125,32.320618244375005,-90.1738518025
Jacksonville,27.91324022346369,102.30709497206705,65.11016759776535,28.448053937430167,-79.7809689698324
Jim Thorpe,30.233333333333334,34.03333333333333,32.13333333333333,40.8980978,-75.6869693
Johnstown,21.885135135135137,35.12837837837838,28.506756756756758,40.31408379351352,-78.90862203243243
Joliet,29.835106382978722,59.36702127659574,44.601063829787236,41.52633578510638,-88.08078549574468
Jonesboro,12.3,58.9,35.6,35.84385105,-90.66918433
Kansas City,40.357358490566035,103.99990566037735,72.1786320754717,39.085746012075475,-94.57848035613208
Kansas City ,45.0,100.0,72.5,39.10187,-94.51271
Kennewick,25.434782608695652,72.41304347826087,48.92391304347826,46.219769,-119.216582
Kingston,47.769999999999996,58.629999999999995,53.2,41.929119,-74.004568
Kissimmee,14.125,152.08333333333334,83.10416666666667,28.298617741666664,-81.36779523333333
Knoxville,41.03724696356276,87.82141700404858,64.42933198380567,35.96213727246964,-83.91878002226721
La Crosse,44.72727272727273,136.27272727272728,90.5,43.81224,-91.25567
La Vista,41.5,104.42307692307692,72.96153846153847,41.182869999999994,-96.04084000000002
Lafayette,42.642857142857146,123.21428571428571,82.92857142857143,30.217799357142855,-92.03910992857142
Lake Charles,38.513888888888886,79.34722222222223,58.93055555555556,30.23005776111111,-93.23238522222222
Lake Elsinore,12.401694915254238,39.18135593220339,25.79152542372881,33.655252,-117.3005826
Lakeland,45.0,100.0,72.5,28.04627683366073,-81.9383997116374
Lakewood,27.6,28.4,28.0,41.204581627188276,-80.27135711767065
Laredo,40.85909090909091,127.26818181818182,84.06363636363636,27.558251,-99.450153
Las Cruces,9.554347826086957,74.23913043478261,41.89673913043478,32.2860108,-106.74328089999999
Las Vegas,66.61353800102212,140.5331072497627,103.57332262539242,36.11015401735344,-115.17319208858802
Laughlin,40.69875,54.0375,47.368125,35.152950015,-114.57421794499999
Laveen,25.0,25.0,25.0,33.310081,-112.157017
Lawrence,32.357142857142854,66.0,49.17857142857143,38.97146300000001,-95.23579499999998
Lawrenceburg,45.0,80.0,62.5,39.09196,-84.846764
Ledyard,46.91489361702128,94.01063829787235,70.4627659574468,41.46207622553191,-71.97006394042553
Leesburg,26.525,67.0,46.7625,39.11567599999999,-77.5661582
Lewiston,35.0,89.5,62.25,43.16672,-79.04514
Lexington,42.08838383838384,101.95555555555556,72.0219696969697,38.04850215454546,-84.50084226262626
Libertyville ,17.5,37.5,27.5,42.308292,-87.970133
Lincoln,53.645918367346944,164.56428571428572,109.10510204081632,39.30746526285714,-114.7441721344898
Lititz,26.375,39.1875,32.78125,40.17542,-76.31327
Little Rock,32.65863636363636,89.33477272727272,60.99670454545455,34.74588036200395,-92.27872325880362
Long Beach,39.583928571428565,117.29821428571428,78.44107142857142,33.764961035714286,-118.18658685714286
Longwood,33.5,77.5,55.5,28.684922,-81.336486
Los Angeles,44.1844499178982,438.0384729064039,241.11146141215107,34.07262643945813,-118.28897703771756
Loudon,46.5,104.0,75.25,43.3616508,-71.46481
Louisville,41.39945652173913,110.85461956521739,76.12703804347827,38.24691035173913,-85.75471706978261
Lynchburg,45.0,100.0,72.5,37.3606493,-79.1727943
Lynn,45.0,97.14285714285714,71.07142857142857,42.46480942,-70.95121002
Macon,25.41176470588235,72.98529411764706,49.1985294117647,32.841249294117645,-83.6250634117647
Madison,26.644571428571428,82.70707142857142,54.675821428571425,43.077691592142855,-89.37555568142858
Magna,32.5,32.5,32.5,40.7091121,-112.1016088
Manchester,34.390625,118.734375,76.5625,42.9860461,-71.4630832
Mankato,21.1,36.525,28.8125,44.1656866,-94.0040928
Mansfield,49.833333333333336,279.8333333333333,164.83333333333334,41.99243664,-71.220253
Maricopa,69.5,124.5,97.0,33.0206067,-112.0479196
Maryland Heights,36.138888888888886,171.72222222222223,103.93055555555556,38.748393300000004,-90.475832
Mashantucket,17.857142857142858,17.857142857142858,17.857142857142858,41.47631,-71.962329
Mayetta,50.0,50.0,50.0,39.318173,-95.738417
Maynard,23.333333333333332,28.333333333333332,25.833333333333332,42.431801,-71.4535909
Mc Kees Rocks,33.57142857142857,60.80357142857143,47.1875,40.464828,-80.05887300000002
McAllen,26.90703703703704,68.90703703703704,47.907037037037036,26.20000840740741,-98.25961255555556
McDonough,0.0,0.0,0.0,33.5061781939,-84.18245580976
Mechanicsburg,22.77777777777778,22.77777777777778,22.77777777777778,40.238168,-76.982145
Medford,42.34782608695652,72.52173913043478,57.43478260869565,42.41948865217391,-71.10933726086957
Medley,45.0,225.0,135.0,25.841999999999995,-80.317
Memphis,42.117279411764706,172.125,107.12113970588236,35.13947637205882,-90.08649775735294
Mesa,33.62375,33.62375,33.62375,33.4154149075,-111.8338805425
Mescalero,87.5,225.0,156.25,33.296799,-105.684721
Metairie,41.7521875,91.59593749999999,66.67406249999999,29.97652,-90.203808
Miami,44.596116504854365,859.9400970873786,452.2681067961165,25.82281369514563,-80.2064669
Miami Beach,45.65,124.32592592592593,84.98796296296297,25.795338592592593,-78.12296059925926
Middletown,13.0,19.363636363636363,16.181818181818183,41.44454,-74.42094
Milford,35.0,100.0,67.5,41.32352,-74.80013
Millvale,24.653846153846153,32.15384615384615,28.403846153846153,40.48088130769231,-79.97232611538462
Milwaukee,33.343988764044944,811.006011235955,422.17499999999995,43.041192380842695,-87.91506842393258
Minneapolis,40.26877729257642,96.36921397379912,68.31899563318777,44.975553869868996,-93.27027077598254
Missoula,28.45,29.95,29.2,46.869917599999994,-113.99612400000001
Mobile,32.49074074074074,74.30555555555556,53.398148148148145,30.68925746296296,-88.04777005555555
Modesto,55.0,135.0,95.0,37.637205,-120.850706
Moline,23.98190476190476,78.8104761904762,51.396190476190476,41.5078737,-90.52071936
Monroe,16.208333333333332,33.5,24.854166666666668,32.5091477625,-92.10845918333332
Montclair,33.61607142857143,96.60714285714286,65.11160714285714,40.8124988,-74.2165153
Montgomery,35.15,77.3,56.225,32.374794168517994,-86.3056055038355
Monticello,41.7,107.3,74.5,41.659027,-74.648415
Moon Township,10.153846153846153,54.92307692307692,32.53846153846154,40.520236,-80.21478500000002
Morgantown,48.0625,768.1875,408.125,39.6391969125,-79.94130721249999
Morton,40.0,70.0,55.0,44.52944,-94.999711
Mount Clemens,17.0,213.33333333333334,115.16666666666667,42.597721,-82.879062
Mountain Brook,0.0,0.0,0.0,33.48948691869895,-86.75586471913032
Mountain View,38.5,157.125,97.8125,37.426718,-122.080722
Muncie,17.484375,33.234375,25.359375,40.208440071874996,-85.4108660875
Murfreesboro,15.111363636363636,15.111363636363636,15.111363636363636,35.85282330454545,-86.36106774545455
Murphys,47.0,200.0,123.5,38.120867,-120.467255
Murray,16.555555555555557,97.11111111111111,56.833333333333336,36.6238465,-88.319064
Murrieta,33.74333333333333,44.04333333333333,38.89333333333333,33.52585,-117.17473
Myrtle Beach,29.95,80.0,54.975,33.70856,-78.93008
N Las Vegas,26.95,39.95,33.45,36.23887757,-115.11914158
Napa,48.509846153846155,87.37553846153845,67.9426923076923,38.298595530769234,-122.28611513538462
Nashville,31.990727848101265,150.54069620253165,91.26571202531646,36.35528802310127,-86.74211618006329
National Harbor,60.02777777777778,128.66666666666666,94.34722222222223,38.791707,-77.003002
New Bern,38.0,56.0,47.0,35.103499,-77.037196
New Buffalo,38.0,103.5,70.75,41.78138882,-86.70940876000002
New Haven,19.37810810810811,25.756486486486487,22.567297297297298,37.659339448381516,-85.59141144167363
New Kent,23.2,93.595,58.3975,37.487093,-77.005205
New Orleans,27.572326530612244,63.34183673469388,45.457081632653065,29.96272342922449,-90.07516705338776
New York,53.13082278481012,294.82137130801686,173.97609704641349,40.75086446214135,-73.98769713264768
New York City,53.07692307692308,116.38461538461539,84.73076923076923,40.757201,-73.985763
Newark,44.08850574712643,303.77959770114944,173.93405172413793,40.73633110316092,-74.16970626701149
Newport,18.35,18.35,18.35,39.092089,-84.493152
Niagara Falls,32.833333333333336,54.31481481481482,43.574074074074076,43.10495183333333,-79.05031169259259
Niagara University,7.714285714285714,19.0,13.357142857142858,43.137691,-79.037629
Noblesville,43.0625,236.5625,139.8125,40.00373203,-85.93427182
Norfolk,36.00877192982456,86.71929824561404,61.3640350877193,36.85284339122806,-76.28579275438595
North Charleston,40.84574468085106,98.75531914893617,69.80053191489361,32.86752779531915,-80.02082011148937
North Little Rock,35.05166666666667,137.36416666666665,86.20791666666666,34.754941,-92.264314
North Myrtle Beach,26.924242424242426,32.54545454545455,29.734848484848484,33.800872,-78.7398774
North Wilkesboro,33.0,61.333333333333336,47.166666666666664,36.14359,-81.07442
Northampton,25.0,150.0,87.5,40.68626,-75.49727
Northfield,41.32142857142857,86.25,63.785714285714285,41.35002986,-81.5266107
Norwalk,74.54,74.54,74.54,41.1168795,-73.413883
Oakland,43.60932432432433,105.91432432432433,74.76182432432432,37.79626352837838,-122.25552674594594
Oconomowoc,10.0,25.0,17.5,43.09206,-88.47913
Oklahoma City,27.015076923076922,973.4458461538462,500.23046153846155,35.463391,-97.514594
Omaha,33.723297872340424,116.76595744680851,75.24462765957446,41.254269502127656,-95.9645363680851
Ontario,32.26897727272728,78.58022727272727,55.42460227272727,34.07462454545455,-117.55466962499999
Orange Beach,27.458333333333332,143.91666666666666,85.6875,30.2904338,-87.58747
Orlando,34.29452380952381,439.32924603174604,236.81188492063492,28.50839809325397,-81.38672994126983
Ormond Beach,29.95,80.0,54.975,29.2582363,-81.1202697
Oshkosh,6.0,150.23809523809524,78.11904761904762,44.007116,-88.537549
Ottumwa,31.107142857142858,54.0,42.55357142857143,41.01698270000001,-92.411414
Owensboro,33.5,59.30882352941177,46.404411764705884,37.775675,-87.10938
Oxnard,37.151785714285715,101.68321428571429,69.4175,34.240384,-119.175777
Paducah,25.0,45.0,35.0,37.09333,-88.602042
Palm Beach Gardens,179.55555555555554,202.0,190.77777777777777,26.84276,-80.0806
Palm Desert,36.92545454545455,124.37545454545455,80.65045454545454,33.825315,-116.542747
Palm Springs,62.27363636363636,72.57363636363635,67.42363636363636,33.801914,-116.52576
Palmdale,26.595,31.744999999999997,29.17,34.618276,-118.190148
Park City,14.9375,28.3125,21.625,37.82668018,-97.33095802
Parsippany,0.0,0.0,0.0,40.8563371,-74.4161648
Pasadena,43.666,169.066,106.36600000000001,33.25179993057194,-113.54797446753416
Paso Robles,69.5,256.0,162.75,35.64581971,-120.62933832
Patchogue,27.5,105.5,66.5,40.765132,-73.016821
Pawling,34.922000000000004,48.001599999999996,41.461800000000004,41.534099999999995,-73.58431
Pelham,16.0,30.0,23.0,33.3309993,-86.7803252
Pembroke Pines,35.0,200.0,117.5,26.006998,-80.281135
Pennington,15.75,15.75,15.75,40.32668434801909,-74.7973001
Pensacola,29.9609375,79.140625,54.55078125,30.414852262500002,-87.2119831625
Peoria,28.76736111111111,84.54513888888889,56.65625,40.69190475972222,-89.59294494583334
Petersburg,13.75,40.0,26.875,37.2279279,-77.4019267
Philadelphia,34.64929190751445,189.42089595375725,112.03509393063584,39.861398554364165,-75.31363005242775
Phoenix,41.81923694779116,641.3497991967872,341.58451807228914,33.451003445301204,-112.07657212208835
Pikeville,32.708333333333336,105.08333333333333,68.89583333333333,37.481669,-82.515092
Pinehurst,22.0,69.0,45.5,35.22112,-79.40791
Pittsburgh,32.84467005076142,125.4951269035533,79.16989847715736,40.438126718781724,-79.97619383045685
Plain City,17.5,112.5,65.0,40.108222600000005,-1.4943250000953867e-05
Plymouth,29.95,80.0,54.975,42.37396,-83.53193
Pocola,145.0,275.0,210.0,35.29016302,-94.43651788
Pontiac,29.499000000000002,46.0,37.7495,42.6368557,-83.2917596
Poplar Bluff,15.0,35.0,25.0,36.7551956,-90.3959447
Port Chester,46.46272727272727,234.4990909090909,140.48090909090908,41.0013461,-73.6654488
Portland,28.720238095238095,620.7130952380952,324.71666666666664,44.653293254380955,-98.21357852566666
Portsmouth,18.035714285714285,66.5,42.267857142857146,43.07634404,-70.76009881
Poughkeepsie,40.609375,72.421875,56.515625,41.704001950000006,-73.929014
Prescott Valley,36.326153846153844,112.91923076923078,74.6226923076923,34.589212,-112.33618500000001
Primm,36.993,98.99300000000001,67.99300000000001,35.7592887,-115.4523811
Princeton,58.583333333333336,101.91666666666667,80.25,40.323929,-74.644334
Prior Lake,38.5,76.07142857142857,57.285714285714285,44.7296288,-93.4749922
Providence,19.71875,81.38541666666667,50.552083333333336,41.8219998125,-71.42199196354167
Punta Gorda,50.64666666666667,66.69666666666667,58.671666666666674,26.93678811,-82.05278568
Queens,37.97222222222222,80.19444444444444,59.083333333333336,40.738497120000005,-73.81623907555556
Raleigh,32.04962406015037,92.3433082706767,62.19646616541353,35.77993137669173,-78.64736310676692
Reading,27.009036144578314,75.73192771084338,51.37048192771084,40.33733166385542,-75.9239408
Red Bank,34.461148648648646,78.58614864864865,56.523648648648646,40.349071,-74.07022
Reno,35.7155,47.13760714285714,41.42655357142857,39.53002346425,-119.81181150592856
Richmond,128.5,180.9,154.7,36.792097475999995,-79.267078095
Ridgedale,108.0,364.0,236.0,36.52022,-93.26282
Ridgefield,49.416666666666664,152.75,101.08333333333333,45.784946999999995,-122.68541433333333
Ridgeway,38.333333333333336,61.666666666666664,50.0,36.6357423,-79.8515114
Ridgewood,33.97,33.97,33.97,40.6978572,-73.9052277
Rio Rancho,42.72222222222222,122.83333333333333,82.77777777777777,35.30858138,-106.68648899
Riverside,41.30769230769231,90.23076923076923,65.76923076923077,33.983414549230766,-117.37460440923077
Rochester,36.70183098591549,59.299061032863854,48.00044600938967,42.943837537746475,-81.31079023361501
Rochester Hills,39.5,149.5,94.5,42.6803869,-83.1940588
Rock Island,26.0,65.0,45.5,41.50535,-90.54868
Rockford,31.61046511627907,79.68604651162791,55.64825581395349,42.27143535453488,-89.07514174453489
Rohnert Park,61.75,91.75,76.75,38.35678537,-122.72295065
Rosemont,29.766590909090908,130.16431818181817,79.96545454545455,41.997351234204544,-87.88131426272727
Rosenberg,33.0,116.0,74.5,29.53065,-95.81511
Roswell,11.363636363636363,43.54545454545455,27.454545454545453,33.39607,-104.52143
Royal Oak,72.5,127.5,100.0,42.487378,-83.147407
Rutherford,35.0,80.0,57.5,40.82711,-74.10333
Sabattus,15.0,15.0,15.0,44.111435,-70.111994
Sacramento,32.42779850746268,456.9850746268657,244.70643656716416,38.58443080880597,-121.4612931702985
Saginaw,20.137931034482758,48.62068965517241,34.37931034482759,43.43586,-83.936171
Saint Charles,30.694444444444443,130.0648148148148,80.37962962962963,38.75217315,-90.50384352037037
Saint Louis,34.9622641509434,77.5216603773585,56.24196226415095,38.64457345977358,-90.29894778686793
Saint Paul,43.66649122807017,297.3068421052632,170.48666666666665,44.94491564491228,-93.10111120842105
Salamanca,42.0,102.0,72.0,42.1558722,-78.7529791
Salem,28.5,67.71428571428571,48.107142857142854,37.2841126,-80.0411382
Salina,23.875,88.6875,56.28125,38.83480202,-97.59898
Salisbury,28.053571428571427,50.482142857142854,39.267857142857146,42.84356106,-70.81629566
Salt Lake City,33.151898734177216,52.20253164556962,42.677215189873415,40.769139401898734,-111.89053878113926
San Antonio,37.796956521739126,699.1284782608695,368.46271739130435,29.432485799130436,-98.45911355876811
San Bernardino,48.5,98.0,73.25,34.106814,-117.295449
San Diego,35.928342696629215,89.92921348314607,62.92877808988764,32.731424746802475,-117.15752605125527
San Francisco,39.706771844660196,179.24116504854368,109.47396844660194,37.78866104126214,-122.41615686657767
San Jose,34.84017142857143,180.858,107.84908571428572,37.33178210137143,-121.8905398664
San Juan Capistrano,47.73727272727273,47.97090909090909,47.85409090909091,33.482292,-117.671419
San Leandro,38.92714285714286,62.92714285714286,50.92714285714286,37.708592,-122.133066
San Luis Obispo,29.398000000000003,32.788,31.093,35.256549359999994,-120.651656
Sandy,29.863636363636363,54.40909090909091,42.13636363636363,40.58141145454545,-111.87560745454545
Sanford,20.77777777777778,67.22222222222223,44.0,28.810633355555556,-81.26918286666667
Santa Ana,30.260105263157897,32.06536842105263,31.162736842105264,33.700306995789475,-117.91700147263157
Santa Barbara,23.18,23.18,23.18,34.42202,-119.70229
Santa Clara,168.33333333333334,2500.0,1334.1666666666667,37.40367671,-121.97034311
Santa Cruz,27.769375,158.3696875,93.06953125,36.97671190625,-122.00550668125001
Saratoga Springs,25.0,823.0625,424.03125,43.05522919,-73.80584965
Sauget,29.4,35.3,32.35,38.602643,-90.175493
Savannah,36.214615384615385,104.95820512820512,70.58641025641025,32.07701344230769,-81.10601998461539
Schaumburg,30.766666666666666,37.86666666666667,34.31666666666667,42.045532,-88.035151
Scottsdale,27.838709677419356,61.70967741935484,44.774193548387096,33.50236124516129,-111.91322334838709
Scranton,107.41666666666667,174.41666666666666,140.91666666666666,41.41036605,-75.66124475
Seattle,33.728566176470586,193.0507169117647,113.38964154411765,47.61932198387868,-122.33754145481619
Sellersville,62.5,62.5,62.5,40.35921,-75.31128
Sewell,29.0,59.0,44.0,39.74129274,-75.07773438
Shreveport,37.916666666666664,134.58333333333334,86.25,32.50261221666667,-93.75995074999999
Silver Spring,38.14416666666667,59.4365,48.790333333333336,39.00187802630875,-77.02628023116925
Sioux City,21.785714285714285,52.42857142857143,37.107142857142854,42.493012302857146,-96.40578498857144
Sioux Falls,16.169642857142858,83.67410714285714,49.921875,43.571647435535716,-96.75314146196429
Skokie,48.1123595505618,167.33640449438204,107.7243820224719,42.05657450337078,-87.7474090022472
Solana Beach,43.035714285714285,63.583333333333336,53.30952380952381,32.990942,-117.270629
Somerset,27.0,37.0,32.0,41.76971,-71.13772
Somerville,31.973684210526315,40.86842105263158,36.421052631578945,42.39621536842105,-71.12173931578948
Southaven,22.930232558139537,90.68604651162791,56.80813953488372,34.932525176279064,-89.99169674930232
Southlake,0.0,0.0,0.0,32.93982016704,-97.15020941798
Sparks,59.995,99.995,79.995,39.533202,-119.755821
Spartanburg,32.71666666666667,72.9,52.80833333333333,34.954067200000004,-81.93592913333333
Spokane,27.84,45.56,36.7,47.656786495999995,-117.42593688000001
Springfield,39.93181818181818,61.52272727272727,50.72727272727273,41.44540134272727,-76.01880486772728
St Augustine,45.44117647058823,138.85294117647058,92.1470588235294,29.87558221,-81.2834879
St Joseph,20.0,286.0,153.0,39.7665963,-94.855446
St Paul,25.0,25.0,25.0,44.946077,-93.095355
St Petersburg,37.99264705882353,94.38235294117646,66.1875,27.76775014705882,-82.6329354117647
St. Louis,23.807692307692307,62.80769230769231,43.30769230769231,38.63183847565384,-90.23012147446616
St. Petersburg,0.0,0.0,0.0,27.771602,-82.635729
St.Paul,12.75,21.75,17.25,44.9506292176,-93.0841629509
Stamford,50.9375,96.85416666666667,73.89583333333333,41.0507831,-73.5395426
Stanford,33.5,223.5,128.5,37.4325584,-122.1606275
Stateline,36.34753424657534,81.90465753424658,59.12609589041096,38.96205626890411,-119.94074467904109
Staten Island,39.926923076923075,94.29615384615384,67.11153846153846,40.6422839,-74.077484
Sterling Heights,49.0,128.16666666666666,88.58333333333333,42.559452,-83.0096244
Stockton,21.288888888888888,70.81111111111112,46.05,37.955976331555554,-121.29634352933333
Summerdale,13.0,13.0,13.0,40.245112,-76.898304
Sunset Hills,25.0,85.0,55.0,38.5175044,-90.4192306
Suquamish,32.0,52.0,42.0,47.713056,-122.570966
Syracuse,28.905934065934066,93.07846153846153,60.9921978021978,43.04607294231196,-76.15061381709428
Tacoma,41.36363636363637,86.96212121212122,64.16287878787878,47.248340478787874,-122.4310882030303
Tallahassee,26.944444444444443,153.0111111111111,89.97777777777777,30.437668,-84.2875229
Tamarac,29.0,50.0,39.5,26.1958,-80.28538
Tampa,45.995393939393935,326.1150909090909,186.05524242424244,27.98613976235539,-82.4417343801933
Taylorsville,27.5,112.5,70.0,40.672899,-111.945668
Temecula,50.80357142857143,85.08928571428571,67.94642857142857,33.455577,-117.1059
Tempe,30.689349112426036,155.3284023668639,93.00887573964496,33.423277252071,-111.93727003917161
Terre Haute,18.666666666666668,55.2962962962963,36.98148148148148,39.46739126666667,-87.40817472222223
Texarkana,32.475,92.5,62.4875,33.469667292284996,-94.078433904995
The Woodlands,38.8125,169.125,103.96875,30.16190839,-95.46435087
Thief River Falls,44.666666666666664,58.0,51.333333333333336,48.121671,-96.191397
Thousand Oaks,47.80772727272728,77.25545454545455,62.531590909090916,34.175071,-118.84949099999999
Tifton,0.0,0.0,0.0,31.48104727713264,-83.52108189999998
Tinley Park,47.5,320.0,183.75,41.5426094,-87.7711753
Toledo,33.41304347826087,132.8586956521739,83.13586956521739,41.65094179130435,-83.53743425217391
Topeka,29.522727272727273,87.3409090909091,58.43181818181818,39.04212739090909,-95.67829169090909
Toppenish,38.75,66.25,52.5,46.3750691,-120.3423175
Towson,16.40740740740741,30.666666666666668,23.537037037037038,39.3932725,-76.605821
Trenton,30.72222222222222,109.88888888888889,70.30555555555556,40.2127206,-74.7577
Troy,39.5,999.0,519.25,42.730438,-73.691376
Tucson,30.99641509433962,77.87731132075473,54.43686320754717,32.265373899952834,-110.7915135321698
Tulalip,60.0,66.66666666666667,63.333333333333336,48.088404090000004,-122.18574442
Tulsa,28.388703703703705,132.79148148148147,80.59009259259258,36.152119202222224,-95.99471106685185
Tupelo,38.73529411764706,80.79411764705883,59.76470588235294,34.2575814,-88.6989047
Tuscaloosa,19.75,54.625,37.1875,33.210509817500004,-87.56208532
Tyler,17.5,42.5,30.0,32.32032483139,-95.28347159226
Tysons,50.61363636363637,85.72272727272727,68.16818181818182,38.925376581818185,-77.21200585454545
Uncasville,62.43207547169811,113.46509433962264,87.94858490566037,41.49181120867925,-72.09141505509434
Uniondale,30.357142857142858,165.16666666666666,97.76190476190476,40.72302075,-73.59069438
University Park,37.98717948717949,107.92307692307692,72.9551282051282,40.807141675384614,-77.85718195461538
Utica,35.5625,69.77083333333333,52.666666666666664,43.09947400000001,-75.2351997
Valley Center,53.5,95.72222222222223,74.61111111111111,33.26638607,-116.95446989999999
Venice,30.948666666666668,107.04866666666666,68.99866666666667,31.366100800000005,-104.80573686666666
Ventura,28.287,29.832,29.059500000000003,34.28043,-119.29141
Vernon,26.25,26.25,26.25,43.069771,-75.525973
Verona,47.98181818181818,125.5909090909091,86.78636363636363,43.111606,-75.592926
Vienna,45.0,100.0,72.5,38.940689,-77.254804
Virginia Beach,27.014423076923077,47.53365384615385,37.27403846153846,36.84091901153847,-76.02679208653846
Visalia,19.95,85.0,52.475,36.296152,-119.350788
Waite Park,46.0,157.0,101.5,45.5448,-94.238373
Wallingford,30.102272727272727,199.5681818181818,114.83522727272727,41.4486599,-72.846188
Wantagh,21.61909090909091,67.5281818181818,44.57363636363636,40.6466073,-73.50721674545456
Warren,38.48529411764706,75.95588235294117,57.220588235294116,42.08298693529412,-82.25820467058824
Washington,42.03462068965518,196.1004827586207,119.06755172413791,38.90115237253448,-77.02275838125863
Washington D.C.,40.166666666666664,78.0,59.083333333333336,38.9153136,-77.0210937
Waukee,44.892857142857146,94.25,69.57142857142857,41.58096,-93.85440000000001
Waukegan,42.074074074074076,68.74074074074075,55.407407407407405,42.36276392,-87.83083839
Welch,38.92857142857143,108.78571428571429,73.85714285714286,44.57854530000001,-92.71337952857142
West Chester,40.714285714285715,179.56285714285715,110.13857142857144,39.3408442,-84.4607023
West Des Moines,70.0,500.0,285.0,41.585319,-93.706533
West Hollywood,34.1954054054054,682.7891891891892,358.4922972972973,34.09089679189189,-118.38576076216216
West Lafayette,33.625,57.625,45.625,40.4296493,-86.9121742
West Melbourne,85.0,85.0,85.0,28.05717,-80.66607
West Monroe,25.0,85.0,55.0,32.501591,-92.128429
West Nyack,36.01,98.93791666666665,67.47395833333333,41.098096,-73.957775
West Palm Beach,22.3125,74.8125,48.5625,26.6992895,-80.121455
West Plains,6.0,6.0,6.0,36.72868447,-91.84918195
West Valley City,25.09016393442623,92.47540983606558,58.782786885245905,40.6997732404918,-111.95486698459015
Westbrook,24.5,54.5,39.5,43.6649522,-70.34558304
Westbury,30.4,92.875,61.6375,40.77517125,-73.56055321
Westlake Village,35.0,100.0,67.5,34.15191485,-118.8087448
Westland,26.428571428571427,40.714285714285715,33.57142857142857,42.355071,-83.32769799999998
Westwego,33.0,33.0,33.0,29.915790000000005,-90.14256
Wheatland,45.34375,104.125,74.734375,39.05211613,-121.5118332
Wheeling,25.0,75.0,50.0,40.0634936,-80.7292648
White Plains,17.976923076923075,161.20192307692307,89.58942307692307,41.03706474,-73.77897623
Wichita,36.78214285714286,54.207142857142856,45.49464285714286,37.68730926428571,-97.33428298571428
Wilkes Barre,30.603125,68.05625,49.3296875,41.24267278775,-75.86437282
Williamsport,33.6,104.87,69.235,39.6184123,-77.8130553
Wilmington,26.11842105263158,87.04824561403508,56.583333333333336,38.192615894736846,-76.2249045614035
Winston Salem,15.655454545454546,47.15090909090909,31.403181818181817,36.126289,-80.2542689
Winter Park,18.272727272727273,18.272727272727273,18.272727272727273,28.605164,-81.2977308
Woodinville,39.5,89.5,64.5,47.7287703,-122.1500033
Woodside,66.64,66.64,66.64,40.75371,-73.90352
Worcester,22.544146341463414,90.39634146341463,56.47024390243903,42.26468780487805,-71.79859573170731
Wyandotte,10.555555555555555,19.444444444444443,15.0,42.2022294,-83.1510348
Wyoming,45.0,100.0,72.5,42.882912,-85.718239
York,36.666666666666664,63.833333333333336,50.25,39.9520709,-76.7014866
Youngstown,18.927419354838708,50.608064516129026,34.76774193548387,41.095669,-80.649337
Yucaipa,25.0,35.0,30.0,34.034569,-117.038988
